id,user_referral_id,source_transaction_id,created_at,is_reward_granted
1,a7c3e871db419db565ae43bd91858df0,null,2024-05-27T03:29:09Z,FALSE
2,2bdc7e197baa5f02337643e4fe61f41b,df0d7d88d92516bbcb135d4bf08665db,2024-04-07T15:40:40Z,TRUE
3,1283879843b68e0490c653f0dbeb58e0,null,2024-08-26T20:10:44Z,FALSE
4,ba4a647dcd3ab54f84c16619d0ad0d77,2409136430f4afd29c8f57bccd14f860,2024-07-09T17:19:06Z,TRUE
5,6bdddba9487f1124e5e0a1c387787345,null,2024-03-02T11:06:02Z,FALSE
6,3d52dc7b9decbd34ae163d2d1dca0cc6,997ee038ea06d63eaa2144723f5c9769,2024-08-13T04:03:19Z,TRUE
7,a19dd8a581a946b7ffd1145bd9a90836,null,2024-08-04T16:25:17Z,FALSE
8,dbe0783ac6f0d8255dc7ab2178ef265d,null,2024-06-17T08:14:29Z,FALSE
9,1283879843b68e0490c653f0dbeb58e0,null,2024-05-18T03:14:51Z,FALSE
10,f17347a44bcfcc1495e34e4974aa6e20,null,2024-03-20T23:25:06Z,FALSE
11,1e2b526ccea4a69e752f766e269707e7,null,2024-06-18T03:36:20Z,FALSE
12,d255ea20a437e9a58f7ecc62f28bfd3a,null,2024-05-25T07:13:15Z,FALSE
13,784dc9f9e6c17182487e1c893ea30f73,d23882c52ea91423a5e6ecee7e28aeaf,2024-06-10T23:18:40Z,TRUE
14,1283879843b68e0490c653f0dbeb58e0,null,2024-03-05T20:59:49Z,FALSE
15,78f9c9b394b6e36c73533420606a0186,null,2024-07-10T07:43:41Z,FALSE
16,00820b893080806722fdb81c9254500b,null,2024-06-30T13:58:18Z,FALSE
17,39a78de1674002f30c3744f27ccab3af,null,2024-03-23T21:17:00Z,FALSE
18,3a72288f1a7fd57f9ff76f239bf8bdd1,null,2024-06-14T18:27:38Z,FALSE
19,d7273dc430112b71d14d07cb991f74fc,null,2024-04-18T04:38:40Z,FALSE
20,a19dd8a581a946b7ffd1145bd9a90836,null,2024-03-26T17:31:23Z,FALSE
21,1283879843b68e0490c653f0dbeb58e0,855260f3e0bfbeb3bddb396e4c13fd8f,2024-04-13T22:12:08Z,TRUE
22,bfbcce18ccc3e039027b2ee7ed90c065,null,2024-08-16T20:30:25Z,FALSE
23,0261b9ea73d9e0ed47ca7f7a71b63f9d,null,2024-07-12T18:08:35Z,FALSE
24,0ae19052dbe3bb8e94b7390780a1a50f,c673c834a827548c45e1d60f2666b2b9,2024-06-17T00:01:09Z,TRUE
25,33239db8498037f4b9589058d77b27ea,null,2024-03-29T00:27:48Z,FALSE
26,c1fe21f2a0b811b892ead7caa69a1321,null,2024-06-26T22:21:12Z,FALSE
27,33206549267803b049b68ad3d35b4a0a,null,2024-05-28T22:37:14Z,FALSE
28,a5b664c2ef67f45070006d0d5ee46640,null,2024-05-02T11:22:29Z,FALSE
29,0ae19052dbe3bb8e94b7390780a1a50f,4eda0b34ce10b411616b854558fb01b1,2024-05-02T14:37:03Z,TRUE
30,d9d334e499845741cf41dec5ae5d5cce,09a84f306bad74fb04c368e5d36cb46c,2024-07-14T01:52:03Z,TRUE
31,4a34952d25064bdc66c7ec7b9158b947,null,2024-06-21T19:38:34Z,FALSE
32,a19dd8a581a946b7ffd1145bd9a90836,null,2024-05-24T23:30:16Z,FALSE
33,9be464cb0f3e102b5b6763206a4777f6,null,2024-06-19T17:36:19Z,FALSE
34,94a4378578b5740ec6f62342ad3e81af,null,2024-08-19T01:47:57Z,FALSE
35,7333b3efdcfca2cb25850bbaa592bee9,null,2024-07-11T22:39:00Z,FALSE
36,9f271138a20ba39707f3d0a4cd247426,null,2024-03-20T12:41:43Z,FALSE
37,0ae19052dbe3bb8e94b7390780a1a50f,null,2024-08-06T10:46:43Z,FALSE
38,82bd6b9938b9d94f71854f3bdfaa34c4,null,2024-03-16T09:42:03Z,FALSE
39,d1a187011801a9e61fc455f6a1727e87,null,2024-08-08T14:41:13Z,FALSE
40,1283879843b68e0490c653f0dbeb58e0,null,2024-06-02T16:10:27Z,FALSE
41,1283879843b68e0490c653f0dbeb58e0,null,2024-04-19T14:06:13Z,FALSE
42,5125fc9ab050064165962fca0d4d7b91,null,2024-04-02T07:09:28Z,FALSE
43,890e6fe5334e608abf51f4a1e02df658,null,2024-07-31T22:43:48Z,FALSE
44,cddb8170eacadff0fedda44635963fb3,null,2024-07-27T22:07:08Z,FALSE
45,09de03a2a61ab7fea61ab87624258232,null,2024-07-08T08:53:05Z,FALSE
46,d948f498cae13f25dd883dadc39dd944,null,2024-03-04T01:48:19Z,FALSE
47,1283879843b68e0490c653f0dbeb58e0,null,2024-06-29T19:34:02Z,FALSE
48,7532569da906a614d0a7de89833adad7,null,2024-03-16T10:38:49Z,FALSE
49,0ae19052dbe3bb8e94b7390780a1a50f,1b0565d1b908586b6e6288f64463c0ab,2024-08-08T15:42:43Z,TRUE
50,100407f5d815a4e8eba58e7916c4ad1c,null,2024-04-09T03:46:40Z,FALSE
51,4b00311cea8111cee90b731649a71bf4,null,2024-04-17T16:43:24Z,FALSE
52,ccda005c92ce0c3346d884f5cf8b0a69,8a181e94a2e74c133eb74ae094e76bb1,2024-04-28T05:29:27Z,TRUE
53,64fc8b7055c2b3c69ec850c67e5a196e,null,2024-04-04T11:41:45Z,FALSE
54,75b2f84c30afd7f4e35d5b8869d386a2,null,2024-06-16T19:30:21Z,FALSE
55,809610bb9a567a4b801dc9ed68cb4e67,null,2024-05-21T04:28:13Z,FALSE
56,1283879843b68e0490c653f0dbeb58e0,3d784be339f8e1e6f5a479f23c9af68c,2024-08-07T11:21:22Z,TRUE
57,a19dd8a581a946b7ffd1145bd9a90836,null,2024-07-18T08:42:43Z,FALSE
58,0d380dc5112d95f5763c4d2c05661cdc,null,2024-03-11T22:49:20Z,FALSE
59,0ae19052dbe3bb8e94b7390780a1a50f,null,2024-06-09T15:58:36Z,FALSE
60,3ef17d38a17f1590c4eb7c275d41b2ea,null,2024-05-30T02:19:32Z,FALSE
61,d1d3c6eb82e7202e1a84f87fdd8ae367,null,2024-03-31T16:57:40Z,FALSE
62,f12b4bc7ae51dacad7fec9be04b0fad6,null,2024-03-28T14:43:21Z,FALSE
63,a19dd8a581a946b7ffd1145bd9a90836,null,2024-05-28T17:43:09Z,FALSE
64,14f0e4fb639ce18e96dcd3a7a02aefaa,null,2024-05-19T20:41:34Z,FALSE
65,c5cbb318b8e89be72a5fef133ee94056,null,2024-05-15T07:35:47Z,FALSE
66,c92cbb00a4867f8bd7173645730b8615,null,2024-08-30T04:42:03Z,FALSE
67,fa621ac122c23d7d5ab17c40453a3dd1,null,2024-03-29T23:21:10Z,FALSE
68,83db3ca7160350fcb167d8f6091d5ae3,null,2024-08-20T17:56:35Z,FALSE
69,63ce33f01e86f2865a1dde04857447c1,null,2024-03-08T09:57:05Z,FALSE
70,a19dd8a581a946b7ffd1145bd9a90836,null,2024-03-13T23:07:31Z,FALSE
71,68bf3469d6dd63190fa63ecde11eea66,null,2024-07-07T16:34:23Z,FALSE
72,10a5eb5c10e8cf4e46f4e3298c550dca,null,2024-05-31T00:20:03Z,FALSE
73,0ae19052dbe3bb8e94b7390780a1a50f,null,2024-03-18T05:18:59Z,FALSE
74,cabb7fcf9aaf0100a253f02007710574,null,2024-03-07T19:49:10Z,FALSE
75,0ae19052dbe3bb8e94b7390780a1a50f,null,2024-03-05T09:08:16Z,FALSE
76,1059bf9257adcd39357dd02a5517989f,null,2024-04-10T09:12:11Z,FALSE
77,5e46949d090fc46382e8b4f43bac400b,null,2024-03-01T03:05:16Z,FALSE
78,d758d0e29191e1e795203509d84ab93d,null,2024-08-13T01:53:48Z,FALSE
79,a19dd8a581a946b7ffd1145bd9a90836,null,2024-03-11T04:57:56Z,FALSE
80,04555cb0d3a0ce8b1669f53b67cb03e1,null,2024-06-30T20:46:43Z,FALSE
81,ae0f3c265a7614439917720f9dd1a03a,null,2024-04-12T11:09:14Z,FALSE
82,0ae19052dbe3bb8e94b7390780a1a50f,null,2024-06-13T22:12:52Z,FALSE
83,cdcd74b68ab68029de044dfc1b538148,null,2024-06-22T16:06:25Z,FALSE
84,98b89c91aafdd9f4a93ac9739a03ab96,ac70ef8b0d56799d47887ebd4164ae09,2024-04-08T20:03:38Z,TRUE
85,0ae19052dbe3bb8e94b7390780a1a50f,null,2024-03-17T02:35:36Z,FALSE
86,5b3d61388d40504da4e1c44087eaa370,null,2024-08-07T09:55:23Z,FALSE
87,1283879843b68e0490c653f0dbeb58e0,null,2024-04-23T18:35:19Z,FALSE
88,90de8146d2a30e11523b05a1367b44df,null,2024-07-11T19:33:18Z,FALSE
89,100407f5d815a4e8eba58e7916c4ad1c,null,2024-03-19T21:09:45Z,FALSE
90,903ad5478cdd63ace69397e0155c88e1,f9e8ad3660dcb9b5455c58d4e3f7cb6c,2024-07-19T10:21:06Z,TRUE
91,c63534c2c8a8d49b58259ee5c1f2e8e9,null,2024-05-12T20:32:22Z,FALSE
92,230de5ca63f1494a2753d5958f1b4c23,null,2024-03-12T11:50:14Z,FALSE
93,973f4c5d17d975c46e43cb0b4210ce3b,null,2024-05-16T12:59:14Z,FALSE
94,7cdf47fb3e595533ba202b767035ae6e,87bdb223491941e550cf1b49b044f0c1,2024-07-14T14:14:41Z,TRUE
95,6cd3d818c9d55b603e56649704944c24,null,2024-07-14T19:32:35Z,FALSE
96,d80ee59779cb86858b8c0f95256afba3,null,2024-06-11T14:22:26Z,FALSE
97,0ae19052dbe3bb8e94b7390780a1a50f,null,2024-08-13T08:12:24Z,FALSE
98,218b9f39c38fed926a3d365fd271f462,33d188efe4baf4a1a5ef2cd21f461042,2024-05-24T10:57:31Z,TRUE
99,852a85e8e0a1a5af6ebc0c3253008025,null,2024-05-12T22:11:39Z,FALSE
100,0720a5ac136ae2ab8dc144565cdbd251,null,2024-04-14T09:37:25Z,FALSE
101,1283879843b68e0490c653f0dbeb58e0,null,2024-08-29T20:49:44Z,FALSE
102,a0260c6cf67f44d7508864b7ae6a9e18,208426ad4ef1da9dfc57c788d3c63770,2024-04-13T18:05:59Z,TRUE
103,ce17025c8137ec9ef0c3e14120cf16de,null,2024-07-02T14:19:50Z,FALSE
104,041f989dbd79c489a0bb8e26467ce61a,null,2024-06-20T16:22:19Z,FALSE
105,c220e256c39cab6bc5a4e34ccd6d57a8,null,2024-05-19T13:13:15Z,FALSE
106,7a2f3697daca973e27b1966960d685d5,87bfc5cf2d3e87c42b215a20906d3304,2024-07-24T15:58:57Z,TRUE
107,2dd8b3f80f1c0f58e1acbd21306be49c,null,2024-06-09T08:08:44Z,FALSE
108,1283879843b68e0490c653f0dbeb58e0,null,2024-04-10T03:19:44Z,FALSE
109,5bc48d9b1dbac80b2f8c7c9c3d6bb040,null,2024-03-22T01:05:50Z,FALSE
110,9811a92cdb6b024f5972cd9b684d9ef5,null,2024-03-28T08:28:09Z,FALSE
111,06bd23ab456442aead8fd1424a69c6f4,null,2024-05-28T07:48:31Z,FALSE
112,cfc91b4758851bd164ddf15bf4636dae,ff0e1e24cdc8f7fc5281e22b000be9ce,2024-08-19T05:34:24Z,TRUE
113,4767f5508210555cbb2de4f6af2e8e37,null,2024-08-24T08:53:14Z,FALSE
114,b973117cce7c98d98ee75efafc628b77,null,2024-05-15T06:44:59Z,FALSE
115,5da0cb4d4763bd2f9a2b05599325f212,null,2024-05-03T13:39:34Z,FALSE
116,55d10f44a658a3f099fef4d1eabe10ef,null,2024-08-02T11:58:53Z,FALSE
117,367fdcebaa20fcc89b7f1c57ebecf14e,null,2024-05-12T01:58:32Z,FALSE
118,428b96be2b11302dc3f6b1129f314358,null,2024-06-30T18:04:22Z,FALSE
119,8dbfc270bc19c74b73a46d847da9a3e0,null,2024-03-10T22:22:36Z,FALSE
120,8234155649c67f8e975880d7bb83fde9,null,2024-06-02T22:25:41Z,FALSE
121,7a7f66f1e3e92887029fadc6ee48ee72,null,2024-04-14T23:26:21Z,FALSE
122,2518b456dc97bd35eab0d7726d872aa4,null,2024-04-15T23:27:08Z,FALSE
123,2743edeb705d496c2766f8c94e4d1892,null,2024-03-09T03:20:50Z,FALSE
124,8964908a13851f07657ecb1ff5cf8c7c,null,2024-06-08T20:25:38Z,FALSE
125,0ae19052dbe3bb8e94b7390780a1a50f,null,2024-03-03T11:44:21Z,FALSE
126,35b96a64ff301a2118b4a6cea04ee428,null,2024-04-15T03:32:33Z,FALSE
127,92cda32499c990a1fa11736b44bc555c,null,2024-07-25T21:57:25Z,FALSE
128,01defb8177521f72e6cca356a4e0b317,null,2024-06-14T16:33:47Z,FALSE
129,1283879843b68e0490c653f0dbeb58e0,null,2024-06-27T21:15:25Z,FALSE
130,a2df26b1808689196a28d1c094b3dc17,ed7613c5faf9b3bd22b2060bbd77c026,2024-03-09T10:34:31Z,TRUE
131,c80ab2862f7cf3a501d2e9a3856d5c65,fe351d9da61d856231ecb9557de84858,2024-03-23T15:19:38Z,TRUE
132,5918a31e07f0275bc92d3616053ab6cd,null,2024-04-25T00:00:52Z,FALSE
133,4ed4e661f51edb11d03f827519508dc0,null,2024-07-09T04:45:19Z,FALSE
134,40bb3b99d9a9dab2d4528c229178e106,null,2024-04-19T15:09:07Z,FALSE
135,4bc44006cee0d4665ed933e995560db3,null,2024-05-04T10:01:14Z,FALSE
136,0ae19052dbe3bb8e94b7390780a1a50f,null,2024-07-29T13:58:32Z,FALSE
137,a43c6da9b34795132665a2632570c499,null,2024-06-30T06:40:41Z,FALSE
138,2e6e8dc5d8595972a685201dd97524b3,null,2024-05-19T08:53:51Z,FALSE
139,541eeb172e6c131f6f8d626fbcc500f2,null,2024-05-31T05:43:49Z,FALSE
140,0ae19052dbe3bb8e94b7390780a1a50f,null,2024-03-16T11:55:59Z,FALSE
141,570eea129ca2c22f9b9c42ac942c045f,null,2024-04-04T18:59:31Z,FALSE
142,8250c26668344f6702c122fbce5feb5a,null,2024-03-16T11:44:54Z,FALSE
143,4e0f61e4d6edf44ffc4903cefd604c68,null,2024-07-10T21:13:08Z,FALSE
144,c45e9370a8e167271033c95f34957a83,null,2024-07-21T21:06:08Z,FALSE
145,0ae19052dbe3bb8e94b7390780a1a50f,null,2024-04-12T14:27:54Z,FALSE
146,f6398542b06eb4db0fa3c03e924a0a13,null,2024-03-09T20:40:03Z,FALSE
147,fd25e2e73bd03fd090ce644bf032066d,null,2024-06-26T05:26:02Z,FALSE
148,e19a5ec7952f50dc32e07eb2bf4e9448,null,2024-04-18T22:07:28Z,FALSE
149,a19dd8a581a946b7ffd1145bd9a90836,null,2024-05-31T00:02:10Z,FALSE
150,037b1806d0397b30636f2ed53632114b,null,2024-07-15T22:56:36Z,FALSE
151,c4799838858e9f77891073503e4198f2,null,2024-03-22T14:16:07Z,FALSE
152,f55529769aa56867ebbb51676406830a,30dc9ba865844589fa0a6b79a1a9939a,2024-07-06T12:41:10Z,TRUE
153,da3f40480975c9fdded7179fa91a020b,null,2024-06-01T01:51:03Z,FALSE
154,0ae19052dbe3bb8e94b7390780a1a50f,null,2024-08-08T02:37:43Z,FALSE
155,6953a883ba6738485ef4766eef0869c5,null,2024-05-20T07:50:44Z,FALSE
156,a19dd8a581a946b7ffd1145bd9a90836,null,2024-06-04T13:56:16Z,FALSE
157,ee364b629d76e5f30045f7673874c44e,null,2024-05-16T06:47:02Z,FALSE
158,b21f04210601afbe11c8829229e06562,48900c975ff9f1525f2dcdcaa749a2f8,2024-03-21T17:07:34Z,TRUE
159,0d76a1047d9b5783c4ad4b24acdcd232,null,2024-06-26T11:29:35Z,FALSE
160,a19dd8a581a946b7ffd1145bd9a90836,null,2024-07-23T18:51:49Z,FALSE
161,156cd75313c513152f402d5dc362ac94,ea36c2d88602574e4f37f44095069f74,2024-04-30T09:14:49Z,TRUE
162,0ae19052dbe3bb8e94b7390780a1a50f,null,2024-07-12T16:43:33Z,FALSE
163,b1215f66bd600831f013aa603ef4f05c,null,2024-03-05T23:31:56Z,FALSE
164,b55ea83d2ae3b5e4983f61a56647f2bb,null,2024-08-08T23:40:59Z,FALSE
165,8fcc9fef7e8fc24bcf2eee1bb466abfb,null,2024-08-30T17:30:13Z,FALSE
166,0ae19052dbe3bb8e94b7390780a1a50f,null,2024-08-28T20:37:16Z,FALSE
167,0ae19052dbe3bb8e94b7390780a1a50f,null,2024-05-08T19:17:14Z,FALSE
168,83db3ca7160350fcb167d8f6091d5ae3,null,2024-08-25T16:37:30Z,FALSE
169,da3f40480975c9fdded7179fa91a020b,null,2024-08-20T17:40:24Z,FALSE
170,bcd06b1e4a16d1ffabb07e5d4449acdc,null,2024-07-12T11:12:41Z,FALSE
171,0ae19052dbe3bb8e94b7390780a1a50f,null,2024-07-22T11:39:37Z,FALSE
172,ba63cd20e7bf4f901cff8bed4456ca50,null,2024-05-30T07:05:10Z,FALSE
173,cbba9d99bff60961a20335c1bef17c32,null,2024-06-30T04:13:53Z,FALSE
174,1283879843b68e0490c653f0dbeb58e0,bc437f2cceab55a647985bc928f41d6c,2024-04-22T16:02:30Z,TRUE
175,6f9c4f6882a85b7bccb31054eeb435a9,null,2024-06-07T14:47:31Z,FALSE
176,43638ba681978eabb2262615a085cd27,null,2024-07-10T06:14:10Z,FALSE
177,8f958797049659e6bfce3bb3965832c6,null,2024-07-31T20:00:24Z,FALSE
178,0ae19052dbe3bb8e94b7390780a1a50f,null,2024-03-08T07:27:24Z,FALSE
179,da3f40480975c9fdded7179fa91a020b,null,2024-08-29T11:39:01Z,FALSE
180,a19dd8a581a946b7ffd1145bd9a90836,null,2024-07-15T15:14:20Z,FALSE
181,3d5ec3fc0432d71cd0d3b56cd63501a1,null,2024-06-29T21:38:11Z,FALSE
182,8898c83e93848419d9566d03390073ad,null,2024-06-19T13:24:37Z,FALSE
183,426a3701f768cd1fd4f2aee034367ccb,null,2024-07-10T22:16:03Z,FALSE
184,b99152c9ac7a0d2b619f5c04ee5645fb,bb6537e9f98e17099edb8fedb3a6615c,2024-05-18T07:08:28Z,TRUE
185,08410d3244008936223204cb8c659135,926cc0aa6161978435370fda6b495fec,2024-08-15T03:15:32Z,TRUE
186,a19dd8a581a946b7ffd1145bd9a90836,null,2024-05-07T09:42:48Z,FALSE
187,c0e51c15089c742acc468e66f4b57ea1,null,2024-06-20T04:16:41Z,FALSE
188,5137925dca3f1b4cee92abd04ea9feec,null,2024-03-11T12:14:13Z,FALSE
189,1283879843b68e0490c653f0dbeb58e0,null,2024-07-31T15:08:36Z,FALSE
190,0d735c5a82cc3e754f36ae3c50abbc0d,null,2024-07-22T09:18:49Z,FALSE
191,21e464e661824864960a815b321f0030,null,2024-03-07T21:24:03Z,FALSE
192,1283879843b68e0490c653f0dbeb58e0,null,2024-03-23T14:08:16Z,FALSE
193,e43f034fd32cf8ef99c82e7661b608b1,null,2024-08-13T22:38:05Z,FALSE
194,cc21194d4b3affbf0cb591be3871faea,null,2024-05-14T08:40:18Z,FALSE
195,9a461d625077d0531ccefb968e7359d5,null,2024-03-21T18:44:00Z,FALSE
196,aea78c8348df60a888c81bfd69bf1f78,84f1bfb42b5a1f484315861204c4a255,2024-08-27T14:10:35Z,TRUE
197,fa70c7058b1bc0da6c7426da9720196e,null,2024-04-08T20:54:11Z,FALSE
198,7a4e53b16eb66021c9573ab5f6c10619,c8930581d2d95d07e70b4c2883de351a,2024-03-22T10:49:48Z,TRUE
199,e1b703de7d69f18df83f9a3e7ec20c7d,null,2024-04-18T01:11:34Z,FALSE
200,a37c62d48593f70b4d71272f2e8c9429,null,2024-05-08T07:34:55Z,FALSE
201,1283879843b68e0490c653f0dbeb58e0,null,2024-06-03T16:48:45Z,FALSE
202,1283879843b68e0490c653f0dbeb58e0,null,2024-08-28T11:01:02Z,FALSE
203,639961dff68fc3674cea8b58de519be4,null,2024-04-28T03:57:46Z,FALSE
204,7d9bf16afb9b32fa660cce0e08697258,e0de6a3cffd5e67a83a58289d9262d4f,2024-07-29T16:02:53Z,TRUE
205,fd0f0f0f2ba3914010bcd014ee02444b,69df927808866fce21a2654b6d371523,2024-07-14T14:11:22Z,TRUE
206,e29c231a1c3cfeab65d5bbd87fb99db3,null,2024-03-14T01:45:36Z,FALSE
207,f45805dbb96215788dd50e7727ab4f36,null,2024-08-10T10:17:20Z,FALSE
208,bd0e5534d6572a2c6d6d6e300d7dc86b,null,2024-05-18T14:05:48Z,FALSE
209,99eff08f95833b3f09c10653ccf79848,5557a3699524cfc855cec6863b0090a6,2024-07-17T18:00:18Z,TRUE
210,bfbcce18ccc3e039027b2ee7ed90c065,null,2024-06-08T03:56:27Z,FALSE
211,a19dd8a581a946b7ffd1145bd9a90836,null,2024-06-15T20:47:38Z,FALSE
212,45ba9ec3637aab898084061ac5971d8f,null,2024-03-03T19:37:33Z,FALSE
213,d3c807afb78c7b6701044432287e3a6b,null,2024-04-05T05:52:50Z,FALSE
214,65946d9da169983a7f05f34b109aebab,6921a2cad89178386275a7f927b5dad5,2024-03-30T19:00:50Z,TRUE
215,0ae19052dbe3bb8e94b7390780a1a50f,null,2024-07-25T04:28:31Z,FALSE
216,24fafa607224a2fe3aaeba93dc8ebea7,b169dcdcd982f640d12785c0f2ae69c6,2024-08-19T08:57:25Z,TRUE
217,a19dd8a581a946b7ffd1145bd9a90836,null,2024-07-02T10:42:19Z,FALSE
218,bceba678083dc36a0dd798411dc8ee53,null,2024-06-25T21:59:02Z,FALSE
219,0ae19052dbe3bb8e94b7390780a1a50f,null,2024-04-25T22:49:02Z,FALSE
220,9fdabf3ea8a475262def594185c3cf69,null,2024-03-22T13:55:38Z,FALSE
221,0ae19052dbe3bb8e94b7390780a1a50f,b8e8fdcc9864925c1086b61132cdaa8e,2024-08-04T07:30:12Z,TRUE
222,1e8eb3f2b63f551595a0e65c97d286fa,af223bb1247b190948eff169cf7bb5b5,2024-04-14T12:45:21Z,TRUE
223,1283879843b68e0490c653f0dbeb58e0,null,2024-05-25T13:17:33Z,FALSE
224,dab59aa74ac0d847913690bce329744c,393601de9ebd2ef9992bc9e6da9e30a4,2024-03-05T14:40:13Z,TRUE
225,adb194afad56af97f9bede89c63d2264,null,2024-08-26T16:54:21Z,FALSE
226,a19dd8a581a946b7ffd1145bd9a90836,37127f02a54db887ae62f30d4bc1e135,2024-06-04T19:11:45Z,TRUE
227,532b38b9b705613423d68c02e8851909,a4f8fedb4e60e0573d5730ce0e3fb98d,2024-08-23T22:48:29Z,TRUE
228,606d5ec462b52f4056f8d07e96ac92b4,408473ea6d7f062b0b1dfda01a883b57,2024-08-22T13:28:35Z,TRUE
229,0eafb6b13551df04cf5d25f41197788f,null,2024-07-01T00:36:19Z,FALSE
230,450fd8d240272f2d3e2046f54332de95,null,2024-07-02T11:21:34Z,FALSE
231,ea46afb6ca1c6c0978d516de6ffa4573,null,2024-08-22T01:35:39Z,FALSE
232,cc3ce21578774ce23025b59fce1880de,null,2024-08-25T08:55:12Z,FALSE
233,a08d706da3e736a7551be9a4eb8158d7,null,2024-07-27T14:57:32Z,FALSE
234,55baf83687835f4080ae3b459ec973ce,null,2024-04-08T10:54:07Z,FALSE
235,0ae19052dbe3bb8e94b7390780a1a50f,876399a3008fb79529e2c50751df58ff,2024-06-02T16:10:10Z,TRUE
236,b5ed18278f35955dd86797c171ea6ade,b294739c1de004093a5c2895e097deaf,2024-06-13T20:09:45Z,TRUE
237,ac3d534c0c051079710f99a221741ce5,null,2024-05-14T02:03:43Z,FALSE
238,a19dd8a581a946b7ffd1145bd9a90836,2ad9c182834e8374c6d9a991c937fa88,2024-03-14T11:06:30Z,TRUE
239,3c03d4fbd37c4d45bd5706f90c9a40fb,null,2024-07-08T03:47:06Z,FALSE
240,0ae19052dbe3bb8e94b7390780a1a50f,null,2024-07-30T19:27:02Z,FALSE
241,8b760c2d4b2e6e37cba19d5112c8de75,20d5e96919502702e52b58031e7ec5a2,2024-03-11T23:19:02Z,TRUE
242,77fe4a3710e0d4459050dc87f7faa4a3,142da1ce8655f2863244b5a0d531320c,2024-03-16T18:38:24Z,TRUE
243,b7c031e1f28f07e9b1207fd0806ee5ba,null,2024-04-07T09:38:08Z,FALSE
244,bd6bea6ff97cd461aac28a94727968b2,null,2024-07-02T16:15:57Z,FALSE
245,6e7a4358039dc82f39acbf68df35518a,null,2024-03-17T08:50:46Z,FALSE
246,1e461b9c07e643f6c0cf140a799746f5,null,2024-05-26T04:14:57Z,FALSE
247,24123cd7597ab49ec6eee3970438b581,null,2024-04-30T22:26:23Z,FALSE
248,f37071edba6f2814730fc1fd38b8ef4c,null,2024-04-28T00:19:04Z,FALSE
249,3f9192147870cc7f099bb6d0ce03e200,null,2024-06-11T18:40:10Z,FALSE
250,0ae19052dbe3bb8e94b7390780a1a50f,null,2024-07-16T09:55:02Z,FALSE
251,da3f40480975c9fdded7179fa91a020b,null,2024-08-18T13:37:18Z,FALSE
252,80963bdd42ecf2cde93ff198f6f42518,null,2024-06-14T15:20:13Z,FALSE
253,1ffef822ce026f81419b38027f5ed883,null,2024-05-05T12:40:06Z,FALSE
254,2aa0044642d2fc0a4b234e9ab9fdacdc,null,2024-04-25T00:23:14Z,FALSE
255,a19dd8a581a946b7ffd1145bd9a90836,null,2024-04-18T17:48:00Z,FALSE
256,0ae19052dbe3bb8e94b7390780a1a50f,0701d04e6f7eb4fb3e1de69e5a4782a1,2024-06-01T18:40:39Z,TRUE
257,d56c1af5c9f5dd52e30e784b3c9197c7,null,2024-03-11T22:41:01Z,FALSE
258,d614f9234ef7cccaae36511358eee593,null,2024-03-24T15:41:43Z,FALSE
259,ec0e18d1abe2e0943e777a5f044078d7,null,2024-04-01T00:57:16Z,FALSE
260,0ae19052dbe3bb8e94b7390780a1a50f,null,2024-06-07T14:56:02Z,FALSE
261,fea3d87b6c7833a488795ec84f9b0e4b,null,2024-04-25T22:19:24Z,FALSE
262,1283879843b68e0490c653f0dbeb58e0,null,2024-05-03T18:38:58Z,FALSE
263,f9bb5fd584f31934f17918d6223113e8,27c48ce0bc2cf47e40d9e9eb9201704d,2024-06-30T04:20:34Z,TRUE
264,0de8a0d6adbb3ddd3d2a89d08b7bfe60,null,2024-07-08T01:20:35Z,FALSE
265,b8b79afc67a3c93936292ba8624d9747,null,2024-05-01T09:15:56Z,FALSE
266,e136b679d93cd8ca6dcf1228caff7c44,null,2024-03-30T18:40:24Z,FALSE
267,94c696c764710d79a17b9859565b096f,null,2024-06-16T08:26:35Z,FALSE
268,65411fc64396755f374906819c5c3087,null,2024-04-25T06:27:07Z,FALSE
269,a54d5dfdc0434d71e17335c2ccf23bc7,null,2024-04-18T09:29:31Z,FALSE
270,2b9a3333630e65486d5c3142aa47aea9,null,2024-06-22T16:20:54Z,FALSE
271,fefa592cc8686828a7c5799b3dd5e59c,352e405fcfcbea16e32aa95ad3c1f9db,2024-07-06T11:55:50Z,TRUE
272,f647c393f129ddab5d7c2a17daae2912,null,2024-07-01T07:46:14Z,FALSE
273,06fd9f79183d297db524081b27473175,null,2024-05-14T09:25:51Z,FALSE
274,cc0e2bacf1fc8b57309a62649ea7244e,null,2024-04-03T09:12:41Z,FALSE
275,7c64c28d6f044edf57399f3d29afdb58,null,2024-06-21T03:06:49Z,FALSE
276,66e6e026a361ece52e494d9f33284bd1,null,2024-05-24T15:35:40Z,FALSE
277,66c20c392ce5e9f4504343b3889c46e5,null,2024-06-28T17:34:20Z,FALSE
278,25c24da126adfbbd1e5f7a54d4772e1c,null,2024-03-22T20:44:30Z,FALSE
279,e0da1cafbc0d16b16f0f0015a4bee720,null,2024-03-25T11:34:10Z,FALSE
280,e082b00b3090fe87afd535bde273162d,null,2024-07-23T17:56:05Z,FALSE
281,da3f40480975c9fdded7179fa91a020b,null,2024-03-16T12:40:57Z,FALSE
282,ca990e278b8f66633ea6b999f88388bc,null,2024-08-12T00:25:12Z,FALSE
283,8b6bc8c71d47edcf57f3535317e6cdf3,f76942f278f2fb3384c8c231ad8ebcda,2024-08-11T02:39:48Z,TRUE
284,c6656c5c577abccd07e2ec0af8987462,null,2024-03-02T08:34:54Z,FALSE
285,2f5b4ffccdbff6a70ba60092ccd84d96,null,2024-04-06T21:57:37Z,FALSE
286,88fb3099e0a862c5f98c027d75666bb4,null,2024-04-28T01:15:59Z,FALSE
287,95f1d678dab7b80642f2dfd86dcba528,08554ceb068472e0809e2b78aaa29029,2024-08-14T21:04:28Z,TRUE
288,4b8f7c7cf472acd3f05bd394ceac8a62,e470ebbf16bc73765ffcee1e83fe9d18,2024-03-15T19:50:58Z,TRUE
289,85e6f5193fd9f5658ab805ff128f1348,null,2024-04-10T08:02:30Z,FALSE
290,74728bc3e2d2ff331fbed1d4dd0f3b73,null,2024-07-27T05:52:02Z,FALSE
291,e5aaab58f1d0b952ee7f067673ac4dbf,null,2024-08-30T14:09:01Z,FALSE
292,35be019b80f5680a594ca68b7f23a4f9,null,2024-07-17T18:55:17Z,FALSE
293,a19dd8a581a946b7ffd1145bd9a90836,5dd8641ef2f7554f32b26732202b44fb,2024-05-15T09:48:53Z,TRUE
294,a19dd8a581a946b7ffd1145bd9a90836,null,2024-04-22T04:11:04Z,FALSE
295,b8149f6b0300a9ce6a139ad49f9b86a5,null,2024-07-11T19:17:10Z,FALSE
296,7a9b090dba05d3d930fb5063364e15ea,e71d439e6bad900def59d1c687422323,2024-04-16T14:14:11Z,TRUE
297,ffe70bda298310f7a92a82d837875df3,null,2024-06-10T02:40:59Z,FALSE
298,3cd4dfb4e3928dc9e16f2561da800711,null,2024-07-19T06:06:28Z,FALSE
299,fc1c87070c34dd065b3ba819751c9a50,null,2024-08-02T03:26:01Z,FALSE
300,1283879843b68e0490c653f0dbeb58e0,null,2024-03-09T10:54:07Z,FALSE
301,1283879843b68e0490c653f0dbeb58e0,null,2024-08-01T16:27:28Z,FALSE
302,0ae19052dbe3bb8e94b7390780a1a50f,null,2024-05-01T01:45:56Z,FALSE
303,da3f40480975c9fdded7179fa91a020b,null,2024-04-08T15:07:35Z,FALSE
304,a19dd8a581a946b7ffd1145bd9a90836,f55eff0395d09113161675e4bf872448,2024-03-30T13:27:19Z,TRUE
305,89f927e79e8619e912dd8566a8cd48af,null,2024-06-12T04:10:18Z,FALSE
306,1283879843b68e0490c653f0dbeb58e0,null,2024-03-12T00:41:44Z,FALSE
307,cc21194d4b3affbf0cb591be3871faea,f13b9be05db23e4d6b1800da12ed1dd5,2024-06-02T14:51:59Z,TRUE
308,72f751ee86b57c8e8075fd837789f279,null,2024-07-28T05:08:02Z,FALSE
309,1283879843b68e0490c653f0dbeb58e0,null,2024-05-07T22:00:59Z,FALSE
310,3272d3e2f3c2366ba8bca5736e8e66ec,2a68b81fc2c3b9db8658a2393c396ee9,2024-04-04T18:46:16Z,TRUE
311,1cee1967b5676b16e241814ef16af986,null,2024-05-22T15:28:18Z,FALSE
312,1283879843b68e0490c653f0dbeb58e0,9a4ad12ffa28ea6c8f88f2208503bc2d,2024-07-25T00:39:40Z,TRUE
313,a19dd8a581a946b7ffd1145bd9a90836,null,2024-08-01T16:29:31Z,FALSE
314,2cd6aab0105d258cf508deaf81d27cf4,null,2024-07-21T03:18:45Z,FALSE
315,3bfb6cebe0b5d15cc06cb085892a3c7f,null,2024-04-19T19:49:28Z,FALSE
316,5ae008612483917825b071bf36d180dc,null,2024-03-25T14:11:32Z,FALSE
317,1283879843b68e0490c653f0dbeb58e0,null,2024-03-07T17:09:09Z,FALSE
318,6b82911fe118909b9a2f25914addadbc,null,2024-03-06T23:07:30Z,FALSE
319,0ae19052dbe3bb8e94b7390780a1a50f,null,2024-07-02T01:40:34Z,FALSE
320,b509dbd0d4f7362ee73d1c64d4273c57,null,2024-08-20T04:37:32Z,FALSE
321,a90aa7c88260b50b18b12deade42aefc,431af7b863a3bb98bba1a657d7be6334,2024-07-31T21:44:23Z,TRUE
322,c507d22bfa06f67ef0e1b4c7c3052dfe,null,2024-05-12T20:07:02Z,FALSE
323,f246a5e063c076759c6aa97def58f53a,null,2024-07-22T20:35:06Z,FALSE
324,1283879843b68e0490c653f0dbeb58e0,null,2024-06-19T19:38:28Z,FALSE
325,da3f40480975c9fdded7179fa91a020b,null,2024-08-10T23:17:33Z,FALSE
326,1283879843b68e0490c653f0dbeb58e0,0759823eaea98af1e1d0184f47efdf44,2024-06-22T15:20:44Z,TRUE
327,a19dd8a581a946b7ffd1145bd9a90836,null,2024-04-15T20:08:36Z,FALSE
328,82c9052735dc243316e49f539012584b,null,2024-08-13T16:23:05Z,FALSE
329,b42feaf43e062338caeee3cf6d822ea9,null,2024-06-04T07:16:27Z,FALSE
330,60db6afebd1017c83bb2635450961149,f60ee9484f4ef17d16910818d05878a7,2024-03-26T02:11:50Z,TRUE
331,46fbab4de68ce4464c36574ab7cd48ac,null,2024-03-17T17:30:21Z,FALSE
332,920a341fbca651aae39da43597a37a09,null,2024-03-23T21:11:44Z,FALSE
333,dfdec6b0f067698e8bcf16e525295c44,null,2024-06-10T03:18:37Z,FALSE
334,bfeb45c6eff3a2137f3059185dd91c66,null,2024-06-28T23:28:43Z,FALSE
335,0ae19052dbe3bb8e94b7390780a1a50f,a689f7c356f8a6b6d90c40a9328e3eca,2024-03-15T19:14:19Z,TRUE
336,0ae19052dbe3bb8e94b7390780a1a50f,null,2024-06-15T03:25:51Z,FALSE
337,1283879843b68e0490c653f0dbeb58e0,null,2024-07-11T05:54:36Z,FALSE
338,d6abd75a6753e3b1d945c5f71a9e6980,null,2024-04-07T09:05:59Z,FALSE
339,0ae19052dbe3bb8e94b7390780a1a50f,33047b10ecfed1d229b36a2caea51f2c,2024-08-15T14:06:32Z,TRUE
340,a19dd8a581a946b7ffd1145bd9a90836,5eeba687e25155243c716a251c7c88b2,2024-04-15T05:31:28Z,TRUE
341,1283879843b68e0490c653f0dbeb58e0,null,2024-04-07T18:27:58Z,FALSE
342,f25372f3a647a6fc99b209e06d1fa86a,null,2024-07-20T09:59:13Z,FALSE
343,39b36a8ebc0f8618737952ffacdd0590,null,2024-06-07T23:15:36Z,FALSE
344,a19dd8a581a946b7ffd1145bd9a90836,null,2024-03-02T13:59:57Z,FALSE
345,9b331682463add71b8c882c518b66bcd,null,2024-07-30T15:15:30Z,FALSE
346,b72551cc9a2489cad1afca4dc204d444,null,2024-05-23T02:25:15Z,FALSE
347,973eba200233659b094760929a33d8a6,null,2024-06-22T00:40:53Z,FALSE
348,066eb33e39269147d873d76a829c5726,null,2024-07-17T21:49:40Z,FALSE
349,2cfeb59c87b7dd6c5b73676aa62bdc77,null,2024-04-03T16:20:30Z,FALSE
350,a19dd8a581a946b7ffd1145bd9a90836,null,2024-08-17T17:29:52Z,FALSE
351,e581c3b454daca590e2bf60aa23a05e0,null,2024-04-11T04:53:51Z,FALSE
352,79f82c49db5c15cc7a0b7398d8afeedd,null,2024-08-28T19:35:54Z,FALSE
353,12e8b0b4817c73be0af7a7f48dcdf6f4,null,2024-07-06T20:58:29Z,FALSE
354,310da5a700145e1fc107c9787928f89a,null,2024-03-27T03:21:09Z,FALSE
355,1766c92df618b6311d5eab7c21abd261,b26aa9bde8f10df4b03e6fadf75c4612,2024-04-27T08:20:57Z,TRUE
356,ee3f42ef06425c0b70914956ddd821e1,null,2024-05-10T03:31:05Z,FALSE
357,adb194afad56af97f9bede89c63d2264,null,2024-07-23T01:24:01Z,FALSE
358,1283879843b68e0490c653f0dbeb58e0,ddf8d11c23aa8fcb56574b54bdcf8cab,2024-03-08T07:17:21Z,TRUE
359,9a84a8957c38985a427c7bc2750d579b,null,2024-06-14T02:35:27Z,FALSE
360,db5632c183ca5e6481db381b02c60825,null,2024-04-07T08:01:55Z,FALSE
361,90c05efc5d039bc331518818adfaee4a,5d343e367e443cda3e0e74957077cb12,2024-06-27T01:06:53Z,TRUE
362,9f316dd53d09aac779233725ae2c3473,21df584349b530a02995f188cccfb43f,2024-05-31T03:39:49Z,TRUE
363,a19dd8a581a946b7ffd1145bd9a90836,null,2024-08-30T05:54:13Z,FALSE
364,1283879843b68e0490c653f0dbeb58e0,null,2024-03-13T20:15:21Z,FALSE
365,fa75bf3133299f37a2e32cc9379a3635,e7ebe209ad9caaa624e8d8a145722723,2024-08-17T13:49:43Z,TRUE
366,66a814f94c8d3dc579f38b7e11c5fa55,3280586b56733fa7b2d6d9173b6b0de1,2024-05-24T05:47:25Z,TRUE
367,4e29e1ae4da418dff379c6bd723cfa86,null,2024-07-08T11:29:20Z,FALSE
368,17657063310f39e2a23814d7ea547b66,null,2024-06-11T23:20:19Z,FALSE
369,d5af41e2ceb92a2f5fa20e40db564380,null,2024-05-31T03:43:10Z,FALSE
370,a27b209e1b566644d3ef668e5db424f6,bc09f986edf8ef07ff78a2712c1325d9,2024-08-09T21:41:52Z,TRUE
371,bf96326728aa984726a8816cf4b114a4,2a951641d51b74c946f6a955ada282ae,2024-04-02T14:49:49Z,TRUE
372,0ae19052dbe3bb8e94b7390780a1a50f,null,2024-08-17T04:54:33Z,FALSE
373,b7dbaf75de4f6678403c59979fae028d,null,2024-04-10T08:52:49Z,FALSE
374,ace5f03035405becd78066ccc93d93a1,null,2024-07-06T15:41:50Z,FALSE
375,66dda5d70730a7ade15f82ce7af5f1fb,null,2024-03-27T12:40:44Z,FALSE
376,4e738b84332d5dba858721b8a6264447,4342938140f2878ab34fb13004cd1c11,2024-05-27T21:19:46Z,TRUE
377,b5e36ab30790371225cf4fe3510d777f,null,2024-04-12T18:59:14Z,FALSE
378,1283879843b68e0490c653f0dbeb58e0,null,2024-06-28T08:52:26Z,FALSE
379,7b72aff6504db615a4ccb782e16ae19e,null,2024-04-21T00:37:09Z,FALSE
380,41f908e0b0d3bd7e1b652226a193d24a,null,2024-08-15T19:02:04Z,FALSE
381,913d3b0faa6b51951d6a609537832958,null,2024-05-22T12:56:00Z,FALSE
382,3d9b67bd16c839c01629f82b6601d0f3,null,2024-06-13T09:02:36Z,FALSE
383,c24fe38823a63679c9d0efede9d24114,c82cb914fa1da0c2aa4fa42640fecdae,2024-07-13T14:16:21Z,TRUE
384,7ebc69b1bbf28ada89d0bcafcdae5075,null,2024-08-01T15:16:46Z,FALSE
385,7e60c187b915f305b73c942a0c8baa23,null,2024-03-23T14:36:28Z,FALSE
386,a06ec7ed9220bfd8d5e0131acb961af6,null,2024-06-06T22:07:21Z,FALSE
387,8ccc60f04a8ed4fcabe60c607d968e20,adb331e37dfd8e0f9891dd02d437d14d,2024-04-04T15:07:19Z,TRUE
388,a99b5a34ec74c67bed597c17781f97d4,3c7afcfbf56cdbf40175e3d7345074be,2024-04-08T07:43:27Z,TRUE
389,da3f40480975c9fdded7179fa91a020b,dfd0137c8b3952aa6efbd005cbd7de61,2024-03-07T04:52:51Z,TRUE
390,5efa7ee5e90c80e98783d9a1616acc88,null,2024-08-28T13:49:28Z,FALSE
391,ae0f3c265a7614439917720f9dd1a03a,null,2024-03-11T20:49:43Z,FALSE
392,5e4a27f66a27e086a12170041c4b8779,3f4fd0675647ed716963f0765c109a6b,2024-04-24T22:43:16Z,TRUE
393,fa8d662a8214d8e44e5f9a86c1bd1690,null,2024-05-09T09:23:01Z,FALSE
394,a19dd8a581a946b7ffd1145bd9a90836,null,2024-08-19T13:39:40Z,FALSE
395,1283879843b68e0490c653f0dbeb58e0,null,2024-04-29T08:38:16Z,FALSE
396,0ae19052dbe3bb8e94b7390780a1a50f,null,2024-05-26T21:37:44Z,FALSE
397,bf01a82bb5dc3eed0cd9395589dd1d0d,null,2024-03-23T23:45:11Z,FALSE
398,7d5269323889d5a04fec941c7e9339e7,null,2024-03-16T04:13:26Z,FALSE
399,a19dd8a581a946b7ffd1145bd9a90836,b84009a5d6d2f920823e191698b37ece,2024-07-14T21:25:51Z,TRUE
400,9e5d34eec818a3394bbc313f95e39d5c,null,2024-05-30T11:53:01Z,FALSE
401,1283879843b68e0490c653f0dbeb58e0,null,2024-08-29T00:36:28Z,FALSE
402,90857d325f2492d76342ff9d2d87faaf,null,2024-06-04T22:45:16Z,FALSE
403,b77073f5324451daeaef9f05675dab03,null,2024-07-23T12:18:11Z,FALSE
404,1283879843b68e0490c653f0dbeb58e0,null,2024-06-05T13:43:17Z,FALSE
405,1283879843b68e0490c653f0dbeb58e0,null,2024-05-30T07:15:52Z,FALSE
406,3055c9af3220179a3d37a7ae5b723352,null,2024-04-23T05:19:38Z,FALSE
407,0ae19052dbe3bb8e94b7390780a1a50f,null,2024-07-31T09:44:04Z,FALSE
408,015cd2ebcc83e3ddd9976b24b1a6df79,c118fba7e3e939a9c4514a1409d549a9,2024-06-07T10:02:43Z,TRUE
409,2794f82f375fd92b695b3a5dfa60cddc,null,2024-08-01T12:32:05Z,FALSE
410,e057ae6dd2fb647e7ef297f01543df15,null,2024-05-26T20:26:05Z,FALSE
411,788963c01c4e4e75cb3578b1a840f27b,null,2024-03-28T09:29:38Z,FALSE
412,e8524e06998dd8f81eb3ba870a461f39,null,2024-06-26T10:57:21Z,FALSE
413,97cf227d6f0f456c1ce9288bdb5116d3,null,2024-05-21T01:57:07Z,FALSE
414,f4a8d8380cecf7f08897e0e6a75f4996,null,2024-03-16T07:31:19Z,FALSE
415,1283879843b68e0490c653f0dbeb58e0,null,2024-08-13T15:06:54Z,FALSE
416,3a01f70dfe9ed565758045e35a795f73,345deffc6fabf6c83767510e9ef23d61,2024-06-13T02:52:52Z,TRUE
417,0ae19052dbe3bb8e94b7390780a1a50f,31d224642fde8643f8dda6b4b36c6747,2024-07-17T12:15:07Z,TRUE
418,502dd91121204c0c6cd655ff8fdcb4f7,null,2024-04-24T01:39:07Z,FALSE
419,b5048315d8d081c2fbf87a21118879df,null,2024-03-16T19:04:30Z,FALSE
420,0622b61cb7936a5bad6a91ef23a3ea8c,null,2024-07-16T15:18:53Z,FALSE
421,1d7c34106faedd5b81e8a9982b48b5b6,null,2024-03-20T19:32:32Z,FALSE
422,daeff57dae39c2df9a8420b1e0163963,null,2024-03-28T14:43:06Z,FALSE
423,1283879843b68e0490c653f0dbeb58e0,null,2024-04-27T05:56:19Z,FALSE
424,7b0cd30782afbaff4abade368739555f,null,2024-04-28T17:11:54Z,FALSE
425,038a40d9aba1bf7529da1a8804524fa8,62e394ea4e8245dcb6c569c380180120,2024-07-31T19:47:33Z,TRUE
426,1283879843b68e0490c653f0dbeb58e0,null,2024-03-28T14:09:06Z,FALSE
427,71bbbcacd402ad66ea08b6c1db1faf26,null,2024-04-20T19:04:25Z,FALSE
428,728b9ed84e0025792981b118e8a50f11,null,2024-07-16T03:26:49Z,FALSE
429,a503032c54bf7656af414b1586034512,null,2024-05-08T05:18:42Z,FALSE
430,f4bc0a5918b17b1efc8d527aa89519dd,null,2024-07-21T18:05:46Z,FALSE
431,00edd34372c8dc7e441a9a9af8ed8bb3,null,2024-06-13T03:45:35Z,FALSE
432,9c0f8439fae1bec641ad78159083f7c6,null,2024-05-10T20:20:19Z,FALSE
433,a950e49b443f3b7f701716881a4ad422,ad6a9d0f91b279f157cd3f4fdebda5aa,2024-07-04T15:26:29Z,TRUE
434,2d6d7b0220ed3e0d786e5425a5303402,null,2024-05-27T05:48:34Z,FALSE
435,7dfbd364915c9db85018c360cf967a32,null,2024-06-19T17:46:42Z,FALSE
436,8f32edd4124c0fdad98579e6f0fb5a59,null,2024-06-13T21:10:25Z,FALSE
437,3923dc7d526bbc97243d62a4d4450820,null,2024-06-08T06:51:51Z,FALSE
438,0ecda7b114b52e3463cafe764e64e8b9,null,2024-03-30T23:50:56Z,FALSE
439,0ae19052dbe3bb8e94b7390780a1a50f,null,2024-04-03T07:50:45Z,FALSE
440,765ee85c1e6005f28521b4f3290724d0,null,2024-08-06T20:19:31Z,FALSE
441,b5fa7458120731fbbe42e65f9b4c2074,null,2024-07-07T08:11:13Z,FALSE
442,7b0cd30782afbaff4abade368739555f,null,2024-05-10T05:45:12Z,FALSE
443,bcad674d12c2159801cbb156e53a5185,null,2024-08-23T21:46:59Z,FALSE
444,9584c6373020a424e382b11f9b5adf2a,null,2024-03-07T12:52:57Z,FALSE
445,dc9339a4eebdd057985f313e4ea8aaf6,8fa4e1d9654c41001862a5a1e7ee75ad,2024-05-14T03:26:28Z,TRUE
446,09204c7377f44bf159165b00afac2d05,null,2024-06-02T11:55:01Z,FALSE
447,3ce90a7c2c32f8f1ec424454cc03a72f,null,2024-06-21T05:02:30Z,FALSE
448,55baf83687835f4080ae3b459ec973ce,null,2024-08-19T18:44:38Z,FALSE
449,18fa7326e5cfcad0230d2e69ca984d19,null,2024-04-01T17:14:41Z,FALSE
450,d255ea20a437e9a58f7ecc62f28bfd3a,null,2024-04-04T18:51:20Z,FALSE
451,a19dd8a581a946b7ffd1145bd9a90836,null,2024-03-10T06:36:32Z,FALSE
452,1283879843b68e0490c653f0dbeb58e0,b07c8b60e1d3c5324a9dad7c3010b7f0,2024-07-10T13:20:25Z,TRUE
453,5c68ff6a55d7b43a5ff7a853553b1e18,null,2024-05-11T23:39:04Z,FALSE
454,681c23b9fce1c726d5ca396ef3de0cf9,5ba30452d4b29643c476f3fa5719cf5b,2024-07-11T01:19:39Z,TRUE
455,d2bff9794360a41c66fbeb72a7d54687,null,2024-05-17T15:19:21Z,FALSE
456,628621cc22772a12d1bd675a7c157ea1,null,2024-07-16T16:53:23Z,FALSE
457,a6cb5587286a86ab9414731bdb034d51,null,2024-06-04T08:45:49Z,FALSE
458,8ceb9436b590a38d8d1b215ff225e113,null,2024-07-02T02:54:37Z,FALSE
459,e59aac97c2dcbd869bcf51256ed1f368,7fd1bfd6f4416125f8c60251ad666194,2024-05-11T04:32:33Z,TRUE
460,208c594f816e496ff9f93dee4873bfcd,null,2024-07-20T00:51:06Z,FALSE
461,8f04685a00f9073c5abb46cf56de986d,null,2024-06-11T08:43:48Z,FALSE
462,34e3543aff8608efcadf8aca6beee837,null,2024-05-01T04:53:27Z,FALSE
463,7ac3dddff70b0c95e77fd873bf5dcc63,null,2024-06-08T21:34:48Z,FALSE
464,0ae19052dbe3bb8e94b7390780a1a50f,null,2024-05-23T17:15:42Z,FALSE
465,183ad15875fdb4cde4c6f8a69a010039,null,2024-06-24T14:06:54Z,FALSE
466,0ae19052dbe3bb8e94b7390780a1a50f,null,2024-07-31T16:58:20Z,FALSE
467,3813e100e63caeb9099da3fe36ff1530,null,2024-05-29T12:03:12Z,FALSE
468,d4c68889af78893297842857c2bcd350,null,2024-07-11T22:47:45Z,FALSE
469,d7e459997b0f71c06551d766c7e0647a,8e9e3284c2ab5402494bf5b2e9769335,2024-06-09T15:58:34Z,TRUE
470,9e05312a6d0b38f5c000396158d83e86,null,2024-05-17T14:04:48Z,FALSE
471,526a396e99d09883149dea1323f8ad4e,null,2024-07-13T22:37:40Z,FALSE
472,941934fd00faa119336ee57e768a79d5,null,2024-07-22T01:19:35Z,FALSE
473,17125eed53eb7e176a97e475cfdbacc3,null,2024-05-30T23:43:08Z,FALSE
474,1283879843b68e0490c653f0dbeb58e0,null,2024-04-27T09:16:09Z,FALSE
475,1283879843b68e0490c653f0dbeb58e0,null,2024-08-08T15:42:49Z,FALSE
476,da3f40480975c9fdded7179fa91a020b,4ce9f145ab5c9a5d8ae6f4338c259112,2024-04-21T14:11:02Z,TRUE
477,74aee09ba4f4b9fa3d07792718d85bc8,null,2024-08-18T15:39:12Z,FALSE
478,9edbdd8f0eb283d24edda168410ff511,null,2024-05-08T00:07:29Z,FALSE
479,1283879843b68e0490c653f0dbeb58e0,null,2024-03-02T22:42:14Z,FALSE
480,34734138889e1cbfa8b9cefd6c87e2d5,null,2024-05-22T07:28:29Z,FALSE
481,a3a6c0df8cd1d56b1ad57de8f074e411,0c347eaded90e2062a37538c02f5e562,2024-04-04T19:30:29Z,TRUE
482,1283879843b68e0490c653f0dbeb58e0,null,2024-07-18T17:53:55Z,FALSE
483,da3f40480975c9fdded7179fa91a020b,null,2024-05-30T21:51:48Z,FALSE
484,02a4e65acc27090e5991bbc7ac784186,null,2024-05-28T09:56:27Z,FALSE
485,f426f892c5df713d72a89dfd9f18340a,null,2024-06-14T16:39:17Z,FALSE
486,4fd555a1328ab2fc2e9256f86d36c024,ac13cf96e470eccf475403881eb4a684,2024-03-27T01:52:46Z,TRUE
487,9a21a7c723a6bae5d9bb86baf2b4e600,9b08ba3019587c07f12ef9e496812eb4,2024-04-25T08:45:23Z,TRUE
488,39b4db3e3deef95ff9cc1824ee49da1d,null,2024-07-26T21:37:00Z,FALSE
489,0ae19052dbe3bb8e94b7390780a1a50f,null,2024-07-06T13:15:57Z,FALSE
490,24cd27efb11ceebee8c5b8c800c25c6a,null,2024-07-27T23:22:38Z,FALSE
491,a12dfc394115bb6a9a1fb01b27ec01fa,null,2024-03-08T09:59:50Z,FALSE
492,f1a4a3e59c1126cf40437793ca75e359,null,2024-07-17T06:57:36Z,FALSE
493,bbf28247c63efdadf9abe38b6b91bb8b,null,2024-06-10T07:12:46Z,FALSE
494,0b28f46581df800fd895d746d789357e,null,2024-06-01T12:40:58Z,FALSE
495,0ae19052dbe3bb8e94b7390780a1a50f,null,2024-08-20T05:33:51Z,FALSE
496,ce9ebeb962e8d6ae4a183eb3d5a7ada4,45ec6f87e5fbfca0f71d936616cafd1c,2024-05-30T17:57:07Z,TRUE
497,aca9d416bc9eb6012013fa60f4a95709,e4c5f541f61624190df7f41d9c1d623a,2024-05-19T15:37:26Z,TRUE
498,6c483f0d6fa965e01c9cdde30b614df0,null,2024-03-02T08:20:33Z,FALSE
499,de23ce24fc7e0304baf163c924c2ef83,null,2024-04-17T04:02:42Z,FALSE
500,1283879843b68e0490c653f0dbeb58e0,null,2024-04-13T03:33:24Z,FALSE
501,b0aa3fad8f1efc80f40e22e85c9479c3,null,2024-05-15T09:27:27Z,FALSE
502,a7048d84c924661c3dce2c4dcaf91ac9,null,2024-08-14T04:19:31Z,FALSE
503,d8860c77c081aaa5fa462bf1488ef3ae,null,2024-05-22T23:13:59Z,FALSE
504,57de9513bfb1198dbcd8c3f59ba31a3a,fb562689d6be59e8ce8d76df120f3545,2024-07-19T12:07:28Z,TRUE
505,88ea0abb3ab6b3bae6b710ef77018a5b,6f3df2ab386c27b5184d4e5fe3cb3f5b,2024-04-14T17:18:26Z,TRUE
506,da3f40480975c9fdded7179fa91a020b,null,2024-06-25T07:47:29Z,FALSE
507,9be02a226953980832bfc54b74ff5835,674e9c51ac145bd987146782e27c127c,2024-03-03T06:09:33Z,TRUE
508,dd49642199e105378c2b04178753fc21,null,2024-05-09T08:10:58Z,FALSE
509,28c43f04c38b3f50d02a012d55520408,null,2024-05-06T16:53:33Z,FALSE
510,e09a3a2d964f93e14392747dfc73514e,null,2024-08-21T08:54:48Z,FALSE
511,133f769dc3d671d6f0886e21b0dbe6a7,null,2024-05-06T11:38:11Z,FALSE
512,8a5a9af024b657bcb02c287795752451,227c8c081c2d9a96527760b63b98a24f,2024-03-06T08:36:36Z,TRUE
513,fefa592cc8686828a7c5799b3dd5e59c,null,2024-04-01T00:12:17Z,FALSE
514,0ae19052dbe3bb8e94b7390780a1a50f,null,2024-05-23T13:36:07Z,FALSE
515,a19dd8a581a946b7ffd1145bd9a90836,608580fd3d9b8f1dbbff03b998b13478,2024-05-23T07:36:29Z,TRUE
516,421983cba08f57d7eb94323c149e34ba,null,2024-05-25T14:01:28Z,FALSE
517,f570a2033e4cff3d92e7d2ce5ddc233e,null,2024-08-27T16:15:11Z,FALSE
518,a19dd8a581a946b7ffd1145bd9a90836,null,2024-05-30T02:24:59Z,FALSE
519,2a1c6112173a4e78a376d54eec375867,b74fe7a138dc2b21dacf121095892b89,2024-06-08T03:30:20Z,TRUE
520,c2bdd5ea408995cb052f925062315591,null,2024-04-09T02:13:28Z,FALSE
521,95ecb1c81fe1978b5eb152ea66bf2e4c,null,2024-08-29T09:13:46Z,FALSE
522,a8169831c9ab4c0ffacd0caf76c97cfd,null,2024-08-25T19:44:23Z,FALSE
523,0ae19052dbe3bb8e94b7390780a1a50f,null,2024-06-03T03:44:57Z,FALSE
524,639d1e1027e98fb2100fd8d82973dbaf,null,2024-04-26T06:53:08Z,FALSE
525,a19dd8a581a946b7ffd1145bd9a90836,null,2024-04-17T07:40:24Z,FALSE
526,43fe803dd047c71e168396d630d6d127,7ad94ad5125099fa3004421191aacb62,2024-07-17T21:54:47Z,TRUE
527,72ecd2a4c0d5f385eeb921405114fe2d,null,2024-08-22T20:21:42Z,FALSE
528,0ae19052dbe3bb8e94b7390780a1a50f,null,2024-06-18T16:29:59Z,FALSE
529,38c4435d7661696a6496fa2d659309b3,d3a601e7b413754482e3b2923848f1d4,2024-03-01T08:50:32Z,TRUE
530,0ae19052dbe3bb8e94b7390780a1a50f,null,2024-05-25T12:39:17Z,FALSE
531,5aa84c65b37e53d7d93bbf5d47c44944,1421adda9b4013a3f9da966c52e714fd,2024-05-22T04:44:20Z,TRUE
532,0dc5774c9140829467603bc27b8814b8,null,2024-04-15T22:54:12Z,FALSE
533,331987b02d96523106febd692b3d4db2,null,2024-05-05T07:20:13Z,FALSE
534,e7ff55a6ac795f9f7761cf15d1d70a3a,a145ebd317bd494b866cb91df8614de7,2024-07-31T06:08:41Z,TRUE
535,1283879843b68e0490c653f0dbeb58e0,null,2024-05-27T23:15:18Z,FALSE
536,4abd3305bbf06ab08e15bc39731c14d2,null,2024-05-19T01:49:23Z,FALSE
537,6bed5722b71d718d0819aec1326bd128,a5604e39d8dc0fed69a3f370f1d12108,2024-07-24T13:23:02Z,TRUE
538,2d883c42f1fc84e6b013db4bffd3edf7,null,2024-06-28T07:15:54Z,FALSE
539,3023045887676927bea63f19d4dc2399,null,2024-08-11T04:48:47Z,FALSE
540,6aa5ac32698295ef8f721dd283ba531c,null,2024-08-25T00:23:39Z,FALSE
541,5c7af19172a712f8d58ef48b5d360b0a,null,2024-08-14T05:12:07Z,FALSE
542,c73486fef76f5b83d2c215b9590cf348,null,2024-03-21T13:18:40Z,FALSE
543,717ecfc0c8b5441366a73c7783b10f0e,5e491e33cb078e4a5e594a731b0caad6,2024-04-12T01:08:08Z,TRUE
544,ee4ae2bb8214f227484f74eb4aac5703,null,2024-05-07T23:31:03Z,FALSE
545,8f958797049659e6bfce3bb3965832c6,null,2024-08-17T08:21:09Z,FALSE
546,99c9c353e09717628e13696c0098df85,02863d9494e46114bf5473cb75aefd49,2024-03-07T07:31:37Z,TRUE
547,0ae19052dbe3bb8e94b7390780a1a50f,b6cf1db175ae8c407aaaddcf379c5863,2024-06-19T17:35:55Z,TRUE
548,3ab6f9b63b55c9d1c1caf9e6962364d3,null,2024-07-03T21:55:03Z,FALSE
549,30fe75b12749b4e8af93174315c1e3f1,null,2024-04-24T03:20:05Z,FALSE
550,1283879843b68e0490c653f0dbeb58e0,null,2024-07-10T09:25:47Z,FALSE
551,c13c235db1ea3c743334a4636fe94a04,null,2024-05-22T06:24:42Z,FALSE
552,2e2b4b6f9ace468fb60e6f8ae2a095ae,null,2024-08-27T20:04:19Z,FALSE
553,7b0cd30782afbaff4abade368739555f,null,2024-03-02T11:26:12Z,FALSE
554,da211725fd79b94a4231f5e085e2995b,6013eb820439729282fc82c48ea08894,2024-03-23T13:15:50Z,TRUE
555,99eff08f95833b3f09c10653ccf79848,null,2024-03-30T17:57:31Z,FALSE
556,8ec56b9ca041390735a103269699e30a,null,2024-04-30T13:08:16Z,FALSE
557,ea98980fbd599c61762db8823b6c7b44,null,2024-04-19T20:34:04Z,FALSE
558,0ae19052dbe3bb8e94b7390780a1a50f,null,2024-05-11T01:55:50Z,FALSE
559,1283879843b68e0490c653f0dbeb58e0,null,2024-08-13T02:24:19Z,FALSE
560,dd9bc5ee11d7d472323f12e6fbd38920,null,2024-06-13T04:49:28Z,FALSE
561,e8a0e438e3b1c0685bdf5c1b8aa9f626,null,2024-03-26T07:51:02Z,FALSE
562,0ae19052dbe3bb8e94b7390780a1a50f,null,2024-06-04T05:00:40Z,FALSE
563,1283879843b68e0490c653f0dbeb58e0,null,2024-04-29T01:32:48Z,FALSE
564,4cc385bea1f5920fcfce80e09ea633d0,1207fe186da16d797dc844f6237cf23d,2024-04-23T15:47:19Z,TRUE
565,0ae19052dbe3bb8e94b7390780a1a50f,a7eacc33e1a5d0dd9da7090bede9586c,2024-04-20T08:57:41Z,TRUE
566,cbbbff010d068315c55a584716917448,6af03f705538d5bc3ed1a81ef9add2b8,2024-07-12T12:58:04Z,TRUE
567,36cf690fda6fc35d9a19e840a5e3e7e8,null,2024-07-26T00:44:23Z,FALSE
568,73ae11ad63f2084442f272a63b57b230,null,2024-03-02T15:43:00Z,FALSE
569,5f75eaccb2e52fb4ff3208c94278d374,null,2024-04-24T16:23:28Z,FALSE
570,426a3701f768cd1fd4f2aee034367ccb,null,2024-04-16T19:43:30Z,FALSE
571,67f77aa8f22da287db0a5aca33e4f421,null,2024-05-30T11:17:38Z,FALSE
572,7d8be1051409f1d35b92934fe8e01ae5,null,2024-06-29T22:23:24Z,FALSE
573,a19dd8a581a946b7ffd1145bd9a90836,null,2024-08-20T20:03:59Z,FALSE
574,0ae19052dbe3bb8e94b7390780a1a50f,36aebff7dd99bf8a1190a9963d3cef7d,2024-05-14T15:16:20Z,TRUE
575,66d15c4b7159b55c3e421f44228dd65b,d9401c32bb69066760385ffaad0124d1,2024-06-26T05:21:03Z,TRUE
576,40176bc1d0c8682ce69da60a02d2460d,null,2024-03-31T09:31:55Z,FALSE
577,9da915f69bc5dc8d8d42e3728fc23526,null,2024-04-14T06:34:41Z,FALSE
578,ccda005c92ce0c3346d884f5cf8b0a69,null,2024-05-22T11:36:37Z,FALSE
579,1283879843b68e0490c653f0dbeb58e0,null,2024-04-06T07:20:28Z,FALSE
580,6f0c43f3494542e7f89f8075c7399e7d,b76a838c164d42aecfa0a815ca3c8fb3,2024-04-04T07:18:40Z,TRUE
581,0255c71a31c25adba6cb5f535ffe9272,null,2024-07-12T06:32:54Z,FALSE
582,da3f40480975c9fdded7179fa91a020b,null,2024-03-29T12:47:14Z,FALSE
583,1283879843b68e0490c653f0dbeb58e0,null,2024-08-30T04:06:02Z,FALSE
584,31d53197c0f16e96d2b1534763bdc65e,c0f22d82256ef080cd72bd43cc0a7bed,2024-07-28T03:19:02Z,TRUE
585,1283879843b68e0490c653f0dbeb58e0,null,2024-05-12T19:07:41Z,FALSE
586,2e2281dc189336581dd6368cb22d463f,null,2024-06-28T18:02:56Z,FALSE
587,49dbf20c694ef2cf206cba8fcdec37bb,a7464db8d71548f8c3d8d84d308fabb5,2024-04-12T17:31:36Z,TRUE
588,1283879843b68e0490c653f0dbeb58e0,7214ae791db3e259392f6067e5d94107,2024-06-25T22:28:57Z,TRUE
589,1283879843b68e0490c653f0dbeb58e0,null,2024-04-15T21:26:41Z,FALSE
590,0ae19052dbe3bb8e94b7390780a1a50f,null,2024-07-21T23:06:50Z,FALSE
591,54a6c4a32c73fcd8a499df1ecf3b548f,null,2024-03-17T07:58:13Z,FALSE
592,96354995936b2a3cddef18dbca816e59,null,2024-03-25T17:22:09Z,FALSE
593,08386f86dca3e219885758b6aaa5cc65,null,2024-08-18T14:38:11Z,FALSE
594,70efc01e695b1de46329e2255c9d4c1e,null,2024-04-23T16:32:12Z,FALSE
595,54ac348d63f912498880d81e0010651e,null,2024-08-13T02:00:06Z,FALSE
596,97336a1244da8ab9aca1732d1c35c7d9,null,2024-07-03T01:54:27Z,FALSE
597,be6cbed4771ecfe49472126b8c278786,null,2024-08-22T00:04:51Z,FALSE
598,8234155649c67f8e975880d7bb83fde9,null,2024-05-15T23:28:33Z,FALSE
599,8d01bb1f0363f81ce5b394c7647db225,null,2024-07-11T07:38:08Z,FALSE
600,da3f40480975c9fdded7179fa91a020b,null,2024-03-05T01:04:25Z,FALSE
601,34952c4d8876d6a45fa5d3fae7dff25d,null,2024-06-20T00:39:26Z,FALSE
602,fc1c87070c34dd065b3ba819751c9a50,null,2024-03-01T15:24:08Z,FALSE
603,3a0790a0f718a755e2b40a6acd424e86,null,2024-08-19T19:11:06Z,FALSE
604,da3f40480975c9fdded7179fa91a020b,null,2024-07-19T14:05:01Z,FALSE
605,1283879843b68e0490c653f0dbeb58e0,null,2024-05-03T10:05:47Z,FALSE
606,da3f40480975c9fdded7179fa91a020b,null,2024-08-23T12:45:16Z,FALSE
607,8998b52988673f5b1a3c831121bf8197,null,2024-06-03T15:48:34Z,FALSE
608,0ae19052dbe3bb8e94b7390780a1a50f,null,2024-05-13T09:29:24Z,FALSE
609,fa59760a94fb24f8a163d7f5d0e264a0,null,2024-06-23T14:54:56Z,FALSE
610,1283879843b68e0490c653f0dbeb58e0,null,2024-06-17T03:36:36Z,FALSE
611,dca9f9decb9ec3a96014aae32b9167d3,null,2024-06-05T21:27:04Z,FALSE
612,0ae19052dbe3bb8e94b7390780a1a50f,b3c5f50c65597907ed0e119921cf2547,2024-05-24T10:26:59Z,TRUE
613,112bef6e30ec62ab637f46e2de6aa02d,0a83a01df407487166ce5442070ea104,2024-06-12T13:03:10Z,TRUE
614,31a93aac4f26c1725d8a8899fd1fc9be,null,2024-06-24T19:58:07Z,FALSE
615,0ae19052dbe3bb8e94b7390780a1a50f,null,2024-08-30T18:28:12Z,FALSE
616,4d4210081e01cb8aa63fec3cadc2fc2b,null,2024-06-28T09:52:59Z,FALSE
617,0ae19052dbe3bb8e94b7390780a1a50f,null,2024-06-21T05:55:00Z,FALSE
618,0ec9e3676a8d80ccc1c52fe7f0ac9007,null,2024-06-26T19:11:40Z,FALSE
619,a19dd8a581a946b7ffd1145bd9a90836,null,2024-04-24T19:17:59Z,FALSE
620,7cc2859c7a252441d29feea59f7cce82,870823793b35ec0976982f7de8a963ed,2024-05-30T05:31:59Z,TRUE
621,1283879843b68e0490c653f0dbeb58e0,null,2024-03-10T20:10:59Z,FALSE
622,a19dd8a581a946b7ffd1145bd9a90836,null,2024-08-28T11:32:06Z,FALSE
623,da211725fd79b94a4231f5e085e2995b,null,2024-05-04T14:48:27Z,FALSE
624,1283879843b68e0490c653f0dbeb58e0,null,2024-03-24T09:32:15Z,FALSE
625,0ae19052dbe3bb8e94b7390780a1a50f,04b823f7aed91f70e3eab770f2892543,2024-07-13T22:28:48Z,TRUE
626,1283879843b68e0490c653f0dbeb58e0,null,2024-05-05T11:58:19Z,FALSE
627,38fe6c459a9533684c9c3dba210986f9,null,2024-04-03T01:17:19Z,FALSE
628,02e4a6fe1bd62777833570d993ef8037,null,2024-07-12T23:43:05Z,FALSE
629,1283879843b68e0490c653f0dbeb58e0,null,2024-03-14T15:31:47Z,FALSE
630,a19dd8a581a946b7ffd1145bd9a90836,null,2024-03-21T05:59:05Z,FALSE
631,7b59a2194bd2afd1bba382ddfd7d350b,null,2024-04-29T20:26:18Z,FALSE
632,cab92fcf41e76c01252592814802f194,null,2024-06-19T09:22:32Z,FALSE
633,a19dd8a581a946b7ffd1145bd9a90836,null,2024-07-28T08:04:49Z,FALSE
634,76c75da914ed004cbb888a121399dbea,null,2024-06-18T10:55:21Z,FALSE
635,ee4772360473cd602d1907064059427d,null,2024-04-06T08:53:18Z,FALSE
636,1283879843b68e0490c653f0dbeb58e0,3bfd4a7a2cbae9fb732c43e828917e09,2024-06-14T20:22:52Z,TRUE
637,b6bb8b95967c1ffb3175ae501186c407,null,2024-06-03T05:33:20Z,FALSE
638,3717a2e29301c1064480b90cd6de5637,null,2024-03-17T09:55:10Z,FALSE
639,1283879843b68e0490c653f0dbeb58e0,null,2024-03-23T22:53:17Z,FALSE
640,b605831d2b405d3775039fe2a3ca0e15,null,2024-03-23T11:18:13Z,FALSE
641,dafb07369bbbc92b611c68f24ff928fd,null,2024-05-26T08:33:30Z,FALSE
642,a19dd8a581a946b7ffd1145bd9a90836,null,2024-03-08T14:23:04Z,FALSE
643,a1833dcd9b2e35df4cb86ac01a376b42,null,2024-05-23T18:47:49Z,FALSE
644,0ae19052dbe3bb8e94b7390780a1a50f,null,2024-06-05T05:51:35Z,FALSE
645,4a5518727df133d3f1720e38f355e161,null,2024-07-19T03:19:01Z,FALSE
646,a19dd8a581a946b7ffd1145bd9a90836,null,2024-06-30T14:01:06Z,FALSE
647,73352ab028309618a1dcfa6b224b0d98,null,2024-07-07T08:24:05Z,FALSE
648,1283879843b68e0490c653f0dbeb58e0,null,2024-05-30T21:03:26Z,FALSE
649,dc046f481ea90fcd5f8092ca611e2efa,null,2024-04-24T06:59:42Z,FALSE
650,39a78fd5a144f399ded705eecf93035e,null,2024-04-08T10:44:42Z,FALSE
651,af9db77d8eabfa10805703c62aa6f43d,null,2024-04-12T13:37:05Z,FALSE
652,0ae19052dbe3bb8e94b7390780a1a50f,null,2024-07-26T21:25:02Z,FALSE
653,a19dd8a581a946b7ffd1145bd9a90836,null,2024-03-20T09:49:56Z,FALSE
654,de2528ca8d376214d28a1fd6dc183bd4,9070930273a0992164e8d4c8151a2306,2024-04-20T09:20:29Z,TRUE
655,941934fd00faa119336ee57e768a79d5,null,2024-06-25T09:39:58Z,FALSE
656,69eb2e6b270611af493ceb7dc41886f8,null,2024-08-05T00:33:29Z,FALSE
657,19800e99396118a27cfcb4e7569050f2,null,2024-03-19T13:35:54Z,FALSE
658,0ae19052dbe3bb8e94b7390780a1a50f,null,2024-03-14T00:31:47Z,FALSE
659,8898f5d685676923aacf88108e551a15,null,2024-03-30T22:23:55Z,FALSE
660,d07d298fab04d615f61399af8dbbaaf4,null,2024-04-29T17:57:49Z,FALSE
661,c0b76f98d7dd31d3a94a9f65c13ba0b0,null,2024-06-23T13:35:06Z,FALSE
662,4ee283f9a22258c3f638bfd8993d4a7d,null,2024-06-22T02:24:50Z,FALSE
663,aea78c8348df60a888c81bfd69bf1f78,null,2024-08-04T21:41:46Z,FALSE
664,1283879843b68e0490c653f0dbeb58e0,0e04d53e6db8f8242bf8ac0d1a515e9d,2024-08-10T17:57:08Z,TRUE
665,6d4d94549eb1aa738ebd5dbc910793bd,null,2024-05-17T17:31:34Z,FALSE
666,24e3c683c5b738d70cc5618a372499fc,null,2024-06-18T18:27:22Z,FALSE
667,a19dd8a581a946b7ffd1145bd9a90836,5c445a51846a30d1de76ba806f524fbc,2024-07-30T10:51:26Z,TRUE
668,6e0d08c8529a88ac3967548364fa419a,null,2024-06-30T06:06:53Z,FALSE
669,87f368e0f68e471a60b155bb73b4c242,4f66ae025529b93fd82ed5a808d48637,2024-07-10T00:41:56Z,TRUE
670,3e533a4dfc371792baea723877470564,null,2024-03-17T09:40:55Z,FALSE
671,76980588fcc95f5cc9a27b0fbcbbf6a7,null,2024-08-17T12:07:37Z,FALSE
672,ca22bfd2368c4a7ede17741e94abdde8,null,2024-03-28T18:13:27Z,FALSE
673,323a0c651154c6d3e34de3e26e249cff,null,2024-03-12T02:42:32Z,FALSE
674,16e262d83df81a1061194aa78222a3ef,null,2024-06-23T08:10:09Z,FALSE
675,7d1394e48a08b1685054bdaff4c7e4f4,null,2024-04-16T21:52:55Z,FALSE
676,a19dd8a581a946b7ffd1145bd9a90836,c0f19bc6a4915085e9f35b776e9666e6,2024-05-10T22:06:48Z,TRUE
677,1d71792f06364b4aba0caebe8995187e,null,2024-08-12T05:51:10Z,FALSE
678,7a2b3dfc1289ff261aad38a0fb96222d,null,2024-06-17T15:33:29Z,FALSE
679,59513349c2cf6862e310662e29225890,null,2024-04-24T05:12:05Z,FALSE
680,a19dd8a581a946b7ffd1145bd9a90836,null,2024-03-20T11:05:24Z,FALSE
681,a19dd8a581a946b7ffd1145bd9a90836,null,2024-07-15T20:12:44Z,FALSE
682,ee4772360473cd602d1907064059427d,null,2024-04-04T20:21:06Z,FALSE
683,227ce219cf5bafae7964456d0cd78b50,null,2024-03-28T04:43:43Z,FALSE
684,a19dd8a581a946b7ffd1145bd9a90836,2b6ddea57b477497fd3d223ae6cf8f9b,2024-03-11T14:55:29Z,TRUE
685,0ae19052dbe3bb8e94b7390780a1a50f,null,2024-04-27T23:52:36Z,FALSE
686,1283879843b68e0490c653f0dbeb58e0,752bd9d1b7c1aac8df775c497b83cd3e,2024-07-03T04:20:21Z,TRUE
687,d96173fcea89cea8df1afabb3aae1684,null,2024-08-20T07:50:04Z,FALSE
688,ff7763fd92afd51489c9ad222e734ae2,null,2024-08-28T09:55:05Z,FALSE
689,1283879843b68e0490c653f0dbeb58e0,null,2024-07-28T23:48:10Z,FALSE
690,ad9f9862f34754b78ce261ad75dd3e21,00a1de7c9d08e768fcb8eae6614b27b5,2024-04-11T13:53:30Z,TRUE
691,3083135257b7ad4436737df5839c72d7,f86a5dc0a3cc7f0b5fd4ade786ef63fc,2024-07-18T14:14:48Z,TRUE
692,f201ea74df8d581c3cc2bc46c8d2679f,null,2024-06-19T00:47:14Z,FALSE
693,18da1b8b637e95e83b2198cbe7a4511c,null,2024-08-11T15:22:23Z,FALSE
694,0ae19052dbe3bb8e94b7390780a1a50f,047366ce7a2c23b252262d8c65b9c2a6,2024-08-06T07:49:39Z,TRUE
695,936dd47d1db6a777eaa0839e7e89ac61,null,2024-07-09T20:00:44Z,FALSE
696,a19dd8a581a946b7ffd1145bd9a90836,null,2024-07-06T22:42:07Z,FALSE
697,21430d1b6c7c871efb55aa3257fba832,null,2024-06-10T05:09:05Z,FALSE
698,85062271105e7e52b36060dfcd4474a3,null,2024-08-05T23:33:11Z,FALSE
699,3cf5b0100134a2dcb4f0a1172f146482,751b6ab37273e7fa3c99e4f2b30e990a,2024-04-09T18:40:31Z,TRUE
700,4f23db1732001f6d5eeb25f50723befd,null,2024-03-20T22:49:59Z,FALSE
701,1283879843b68e0490c653f0dbeb58e0,null,2024-08-02T12:39:08Z,FALSE
702,52b714d134104bb52fd7f887f4f19f69,null,2024-04-17T06:12:51Z,FALSE
703,0ae19052dbe3bb8e94b7390780a1a50f,null,2024-07-31T12:31:25Z,FALSE
704,30ef6ec7e25b849470d6773425e5c981,6a8a0808cdc8058299f15c4af91149f2,2024-08-15T07:07:43Z,TRUE
705,7986ed1f6a029ed10e3220a11c94cc65,null,2024-07-25T18:33:10Z,FALSE
706,f85658a19759bfd2c7425a876f567d63,null,2024-07-03T13:16:30Z,FALSE
707,f6398542b06eb4db0fa3c03e924a0a13,11eedbbd3ab6ebb2081b634ef71d8941,2024-05-14T16:35:16Z,TRUE
708,0ae19052dbe3bb8e94b7390780a1a50f,7ca79d5060c899c16f63eeb8bba44e4d,2024-05-06T09:47:32Z,TRUE
709,004769a9e9975b6c48e2f7c34bbcfbdc,null,2024-05-04T08:55:55Z,FALSE
710,24b087bd630cc2637702d47fb3ff7365,null,2024-05-07T08:18:15Z,FALSE
711,da3f40480975c9fdded7179fa91a020b,null,2024-05-24T07:01:47Z,FALSE
712,341c19c7f952a2495d1f9c18ca59e4b1,null,2024-07-20T23:25:02Z,FALSE
713,86a15b90f4f8d878531787c8288e8a88,null,2024-04-05T14:03:36Z,FALSE
714,19ed2699d4756ef73af176d1a0e489f7,6be0e33f5a046385f43dba4bbd6bea35,2024-03-26T02:12:59Z,TRUE
715,8c2880b223e92c4ccbb82db857db3e3e,919364a2c821616942173974d0f2e60e,2024-07-12T16:43:57Z,TRUE
716,1283879843b68e0490c653f0dbeb58e0,null,2024-08-06T06:25:20Z,FALSE
717,0ae19052dbe3bb8e94b7390780a1a50f,null,2024-08-25T05:29:49Z,FALSE
718,e00b8aa3712f3cc5c7e116313c45f23d,null,2024-04-26T10:39:52Z,FALSE
719,a19dd8a581a946b7ffd1145bd9a90836,null,2024-04-28T14:21:34Z,FALSE
720,a19dd8a581a946b7ffd1145bd9a90836,null,2024-05-28T07:04:32Z,FALSE
721,7fe99b885f1e6de9ab9c5d57e1717106,27c6232c7d04b20b7519951a96ca05e4,2024-04-23T18:30:30Z,TRUE
722,69fa5ea0e982ecedb65a4ea1b61b95a8,null,2024-04-01T03:07:07Z,FALSE
723,8e82de102eea5409e4f978a642876925,null,2024-07-11T17:44:59Z,FALSE
724,cb410688163f404a539b7b16bb9df119,null,2024-05-24T04:38:06Z,FALSE
725,72e852011ccda0a30be24609774bd630,null,2024-08-05T04:02:14Z,FALSE
726,8f85c6e1544e4d8452a0658bce24040d,null,2024-03-31T19:19:17Z,FALSE
727,56ab95227e13bf852d7e536c0e8581b0,null,2024-06-07T13:10:59Z,FALSE
728,ad4993ca979c4f8c0df7359a92ee437b,null,2024-07-31T06:11:07Z,FALSE
729,361fadf80f92da0dad40465df28e0f12,null,2024-03-11T10:00:29Z,FALSE
730,fc998cacf66c19ba487825e193b9cbee,null,2024-06-28T14:09:46Z,FALSE
731,8ca396035772864011e31a6157e3f3b9,null,2024-08-13T14:27:00Z,FALSE
732,1283879843b68e0490c653f0dbeb58e0,null,2024-03-31T10:37:59Z,FALSE
733,c9bc090cfe2b9051b2381b09eb2610c7,112bf8623c8eded7d5e5cf482b59802c,2024-06-29T17:00:42Z,TRUE
734,380aa2500424b9a42df68cbb17e4e359,null,2024-06-24T09:59:58Z,FALSE
735,84f1b83e2b8b3847b74cd7eca35fd3af,null,2024-06-18T20:00:04Z,FALSE
736,95abf2d9f241b5ede4c51f687029808a,9cbdb85ba9ef2f51ee23d2a0f4853ae5,2024-07-21T05:08:00Z,TRUE
737,65b4f1cd11f864b2876ab3848406ae93,null,2024-06-15T07:46:02Z,FALSE
738,1d55893e00cd46e30889a3e1e00346a3,null,2024-08-26T02:22:17Z,FALSE
739,da3f40480975c9fdded7179fa91a020b,null,2024-06-24T23:15:35Z,FALSE
740,a19dd8a581a946b7ffd1145bd9a90836,null,2024-06-23T08:00:15Z,FALSE
741,786e51b9f394cb6178a75a5670e72afb,null,2024-05-03T03:25:03Z,FALSE
742,1cd015146ee2ad85f8b53fde9eb8b281,e4bd5e262e140f60969a2324a44315b8,2024-06-25T02:21:09Z,TRUE
743,ba4b1bb4bce53e80f8921563bc54df78,265d043f9b0446a5365454b4af71d61e,2024-07-19T08:38:38Z,TRUE
744,adf43e11dc983ab0513a2df31ded4a75,null,2024-07-29T01:13:34Z,FALSE
745,73352ab028309618a1dcfa6b224b0d98,d338da44cfef184c9df730b4e28fa023,2024-04-29T07:21:01Z,TRUE
746,a221bbe99eb78ef090b7e2df39a4511d,null,2024-08-18T15:11:58Z,FALSE
747,daa62f9c499523a1f3f7fbb17fb57656,null,2024-08-30T03:14:09Z,FALSE
748,1bff9fcb5e49c5cb109028c29147c6e8,null,2024-06-14T02:36:47Z,FALSE
749,4e9e6ba635b7f1a9aa814f659c6d2426,null,2024-04-27T09:18:21Z,FALSE
750,a682c87fab860bfc4d2d4b07f1e5c7e9,null,2024-07-21T22:20:13Z,FALSE
751,6ccd3c424919617d341da1d033d9f06e,null,2024-07-19T11:57:28Z,FALSE
752,8cba26d1e8d39200a5bfe95d44fdaf4a,null,2024-05-28T14:40:30Z,FALSE
753,1ad8c8a80dab53ca8a1efdc5ec99182f,null,2024-08-03T02:55:31Z,FALSE
754,b9d27bb9f5c368fe86df5879270f47e4,null,2024-05-07T15:28:51Z,FALSE
755,4d4210081e01cb8aa63fec3cadc2fc2b,null,2024-04-02T08:14:27Z,FALSE
756,57de35dab39ac8ef1e3c87e6780bcea2,null,2024-07-31T10:44:07Z,FALSE
757,ee908b1d79e2bafaf93acf0fe4536372,325a28730265446d0fcce0bb162344d6,2024-08-20T15:10:26Z,TRUE
758,90ca8a9700856d59d07ca2605ddeaf08,null,2024-06-20T19:01:27Z,FALSE
759,c3f04f906c9a56832e8404cbc1650990,e3449ead32f93c7d6d2f3897d75c74de,2024-08-27T11:31:48Z,TRUE
760,316b57e780ae0a8dc47b52945e7f7f9e,null,2024-03-02T21:52:12Z,FALSE
761,a19dd8a581a946b7ffd1145bd9a90836,null,2024-06-04T08:17:23Z,FALSE
762,a19dd8a581a946b7ffd1145bd9a90836,null,2024-05-11T11:45:18Z,FALSE
763,a19dd8a581a946b7ffd1145bd9a90836,null,2024-04-17T00:32:11Z,FALSE
764,77c096439f6fa281311c79c2912dc8d1,null,2024-05-08T14:34:18Z,FALSE
765,a9fc3398f82613be2221a479ad419b41,null,2024-03-29T22:32:17Z,FALSE
766,ae6bc817e3ddb9b91499ea00d13d5923,null,2024-08-22T01:42:23Z,FALSE
767,bb5897e08d822a04c156a4551fc1cd80,null,2024-08-23T12:19:22Z,FALSE
768,1283879843b68e0490c653f0dbeb58e0,null,2024-06-02T19:21:04Z,FALSE
769,35f184bd65b5c951e95831f49b80772b,null,2024-08-25T21:57:34Z,FALSE
770,13983896723e343f4dadb52821e74e6c,null,2024-05-20T10:39:58Z,FALSE
771,8cf5bc268f76e8edfbedd1cd5d598c01,null,2024-03-08T12:28:35Z,FALSE
772,7cc2859c7a252441d29feea59f7cce82,null,2024-08-02T09:39:37Z,FALSE
773,1283879843b68e0490c653f0dbeb58e0,null,2024-03-30T01:50:07Z,FALSE
774,0ae19052dbe3bb8e94b7390780a1a50f,null,2024-03-03T11:44:35Z,FALSE
775,b532faa05ee903ee2051d9a6ea616dd1,b236a974f6cf28095748573ddfa819a8,2024-03-14T01:54:54Z,TRUE
776,5486f2c6db09998a6434838ff417f02b,null,2024-07-16T04:45:27Z,FALSE
777,428b96be2b11302dc3f6b1129f314358,55aac0a33b1eaf4a0e69215f88175748,2024-06-24T08:41:41Z,TRUE
778,8783351571b8de0bf535db7099e0c83b,null,2024-06-20T18:20:26Z,FALSE
779,30ef6ec7e25b849470d6773425e5c981,null,2024-08-18T23:33:09Z,FALSE
780,0ae19052dbe3bb8e94b7390780a1a50f,null,2024-04-11T10:31:10Z,FALSE
781,0abd5d86ff41abcc117d2dfbb5c65662,null,2024-05-22T11:22:46Z,FALSE
782,da3f40480975c9fdded7179fa91a020b,null,2024-04-03T00:18:36Z,FALSE
783,612434024b082f14161c02930f666003,null,2024-05-20T05:28:17Z,FALSE
784,61af7e23f51501c773b819aab32179c2,null,2024-07-18T08:21:59Z,FALSE
785,0ae19052dbe3bb8e94b7390780a1a50f,03f1f5e883efe7100d61737b2a5a3c68,2024-06-10T06:06:05Z,TRUE
786,6d9873fa0027d3dd9ce9a1785cfcc542,null,2024-05-28T11:23:29Z,FALSE
787,0ae19052dbe3bb8e94b7390780a1a50f,null,2024-05-15T22:04:41Z,FALSE
788,0ae19052dbe3bb8e94b7390780a1a50f,f0d2e50a3a00ae38f9a6c0c80385d7b1,2024-07-09T18:28:21Z,TRUE
789,0f669de730d6c951814dda90abb4c6ac,null,2024-03-11T18:10:47Z,FALSE
790,5cb2c824027177b775aa98ac83491a3c,null,2024-08-16T10:19:25Z,FALSE
791,a19dd8a581a946b7ffd1145bd9a90836,null,2024-07-06T03:34:44Z,FALSE
792,a19dd8a581a946b7ffd1145bd9a90836,null,2024-05-12T06:11:56Z,FALSE
793,cb001dc6b2af9bc6edc3cc24e49ed922,null,2024-05-25T22:50:20Z,FALSE
794,1283879843b68e0490c653f0dbeb58e0,null,2024-03-08T22:02:20Z,FALSE
795,f0b8950fc33ee272ec0f5008b06de607,null,2024-05-29T22:17:17Z,FALSE
796,147093aeba6af86acebacd887181e594,null,2024-08-28T09:23:08Z,FALSE
797,d10b8db7379c903844d508dc7d406b63,null,2024-08-17T16:56:12Z,FALSE
798,479266c44157bda485bab78417b48305,null,2024-06-13T16:02:52Z,FALSE
799,a4c0f8d5e2ba586b95f9353f4ef30d17,null,2024-07-19T13:45:06Z,FALSE
800,a19dd8a581a946b7ffd1145bd9a90836,null,2024-04-19T09:45:48Z,FALSE
801,0dd64cb8f1f42f2b7d42e833bab8eb71,69dc7c15370f4c9dd3b6c1772a871f24,2024-07-31T17:58:36Z,TRUE
802,0443406b4a8d3fb23e0aa6bdc42e3096,null,2024-08-07T06:07:51Z,FALSE
803,1283879843b68e0490c653f0dbeb58e0,null,2024-04-25T17:18:56Z,FALSE
804,da3f40480975c9fdded7179fa91a020b,null,2024-05-31T15:10:06Z,FALSE
805,0d3d587ad2673575f701d2b266bc92d4,null,2024-07-23T14:42:25Z,FALSE
806,1d6fd1ac7341d0661b7728a7bd68a483,null,2024-06-18T03:32:05Z,FALSE
807,0ae19052dbe3bb8e94b7390780a1a50f,4cfe396174db380738af1fcb66060349,2024-03-01T05:37:04Z,TRUE
808,85fac9b7e93bd9993af4b15513b1d272,null,2024-04-13T02:28:48Z,FALSE
809,e121ae19c1999b91efa76b794a1b226d,null,2024-07-28T19:30:07Z,FALSE
810,b35788f9d64f3096f734745867b0dce7,null,2024-04-01T06:21:15Z,FALSE
811,da3f40480975c9fdded7179fa91a020b,null,2024-06-05T09:30:41Z,FALSE
812,49e1909ebb30faef7ab93e1bfab55a88,null,2024-07-12T03:38:21Z,FALSE
813,fced070d5bc81015ef9eb2081ee664b4,null,2024-08-28T14:49:48Z,FALSE
814,1499bfc8c813d9cf11a3d005e3ff6370,null,2024-06-22T06:48:22Z,FALSE
815,b346b9d3d44875e145e48636420325cb,null,2024-03-25T15:24:57Z,FALSE
816,2770f20c58de72cc237f1c093e1e730f,a8fe699d781b05b76fe2c1246f64bcf7,2024-05-31T03:44:15Z,TRUE
817,372f435fb0bd9c388613bcfc88f3d6c2,null,2024-04-03T09:11:49Z,FALSE
818,8e41ed4de59e965d08d840b14c593410,null,2024-03-08T22:06:13Z,FALSE
819,68c2afcdba5d6ef87198abf013cb6310,null,2024-05-31T19:52:10Z,FALSE
820,0ae19052dbe3bb8e94b7390780a1a50f,57223ac8212a33565a51619166cddf45,2024-03-26T12:33:21Z,TRUE
821,1283879843b68e0490c653f0dbeb58e0,null,2024-05-15T23:05:29Z,FALSE
822,3f4546cf555358b60c694c3e6869ae73,fabf63d83e28e070a936b55b489f5285,2024-08-20T11:47:04Z,TRUE
823,a19dd8a581a946b7ffd1145bd9a90836,null,2024-06-05T12:55:26Z,FALSE
824,018f5701dada7f8c348e6ff26db484f4,null,2024-03-15T22:40:25Z,FALSE
825,50d5c268b11ead372ca39fac2c4591a2,null,2024-07-03T07:51:01Z,FALSE
826,0ae19052dbe3bb8e94b7390780a1a50f,null,2024-04-04T21:58:35Z,FALSE
827,a5b0b2de1fe0e47d545014f890f15953,null,2024-05-03T11:27:55Z,FALSE
828,dba19773c77a0ec0bfb6c6ef0c9e3ace,null,2024-08-12T19:11:59Z,FALSE
829,3fc663b98a8c5ad623fe9ff89ea7fb02,null,2024-03-17T03:04:52Z,FALSE
830,1283879843b68e0490c653f0dbeb58e0,null,2024-07-30T00:45:44Z,FALSE
831,7cc9ddde84b5c0b94814a72ac53d4c6e,null,2024-03-02T22:19:30Z,FALSE
832,e5fc6b81548d2f08e5eb910676e2ec40,05d569e8397d6aa5183180b57bd7b5bf,2024-05-27T14:45:13Z,TRUE
833,4794c6a67e8f7bc66c1053833eb4815a,3b78a0732e0e13c9b73d0faca97f5703,2024-06-07T09:07:03Z,TRUE
834,4c9cb4f19e8da7dd12578e2f95c5b940,9fc663763fe45a65ff3a36267b8b1fd2,2024-06-11T08:16:45Z,TRUE
835,0ae19052dbe3bb8e94b7390780a1a50f,null,2024-06-21T12:22:58Z,FALSE
836,feb31a48e74c78b97b1aa747085f8c12,null,2024-06-28T00:32:50Z,FALSE
837,5a739b190813e115b31ea025897a1686,null,2024-06-25T19:44:24Z,FALSE
838,1dc40c2beb8145e8f8497973e32bae71,null,2024-05-15T23:30:47Z,FALSE
839,d695c12c785c2da7555d51e3ad1c03e0,null,2024-08-08T04:01:33Z,FALSE
840,da3f40480975c9fdded7179fa91a020b,null,2024-04-06T03:55:23Z,FALSE
841,d920cc9b6d243fbb109a9c65f8a104a9,null,2024-06-14T20:33:19Z,FALSE
842,6a5081609f63ffb46557c63b85d57609,null,2024-08-12T16:02:49Z,FALSE
843,0ae19052dbe3bb8e94b7390780a1a50f,null,2024-08-13T08:19:14Z,FALSE
844,5b1039848d5797679df349fd66941291,null,2024-07-15T07:26:42Z,FALSE
845,2176398eda31192a48883b4ea3e27616,2d3ced631054fc77e2879dcb53e4caf4,2024-07-07T17:10:03Z,TRUE
846,842de5610ba9827a1c24085a5323d715,null,2024-05-30T23:44:59Z,FALSE
847,5e4689962a3faeb82b13d46f7e799da0,null,2024-08-08T17:41:19Z,FALSE
848,b324373a66fdaaca794539e9f8692722,null,2024-04-08T09:23:58Z,FALSE
849,973a32aa9cc93e3fe636962614b1d9e2,null,2024-04-14T21:41:56Z,FALSE
850,c826366196b8666cb69d5a817a5dbba8,null,2024-06-30T08:35:15Z,FALSE
851,d92309c87423dd32c6bf820646d1f6a5,null,2024-06-30T13:16:39Z,FALSE
852,188dfe766b2cc033bc0d5083e71ae098,null,2024-07-07T05:47:24Z,FALSE
853,0ae19052dbe3bb8e94b7390780a1a50f,353cd316061f5cd9df30d487bdc443df,2024-05-17T02:59:22Z,TRUE
854,049e87c098fed1833a01c93a686cacdf,null,2024-03-03T10:24:23Z,FALSE
855,a4171f291d9eedf9c03cb62f46b9299b,null,2024-07-22T05:04:43Z,FALSE
856,0ae19052dbe3bb8e94b7390780a1a50f,null,2024-03-19T21:32:14Z,FALSE
857,289acd53db8c7696835a7e7bb8a267ef,null,2024-07-16T13:17:01Z,FALSE
858,a8c82c449709448407be36e96f2c83d1,14a3450ab9cab0ee03f559ff08f2d4c8,2024-07-24T16:34:31Z,TRUE
859,b97e456059e0efe8c002125b9627ab59,null,2024-05-20T01:56:34Z,FALSE
860,a19dd8a581a946b7ffd1145bd9a90836,null,2024-03-21T02:17:11Z,FALSE
861,7b23f8b5afc85d0f5d05e26dba10aee4,null,2024-05-23T15:03:20Z,FALSE
862,435dfc0e8892cc2fcee838e008e3b0b5,null,2024-07-26T18:46:33Z,FALSE
863,cff3de534bccfa2387c143f6dcb9beaa,63e4d2475710a766565c91fa5ea75ede,2024-05-04T04:55:20Z,TRUE
864,1283879843b68e0490c653f0dbeb58e0,null,2024-08-15T13:57:38Z,FALSE
865,4d32888cb620b6c73ee1937e34491a52,5385e6de69ba963dbbceef29298c38fe,2024-04-24T06:24:43Z,TRUE
866,a252d957dbc2670496515d42765c0a32,null,2024-07-05T05:15:27Z,FALSE
867,8f762504d70cf4cd6eac5bb065abce1c,null,2024-08-20T05:45:34Z,FALSE
868,3001ba97de8352844f65b27b040f3216,null,2024-07-04T01:46:07Z,FALSE
869,b9963ed3f2c968f77f6a0cd2307e415e,null,2024-07-29T06:08:17Z,FALSE
870,c6d03838766fb31b97ac8ee10da66ce4,null,2024-07-26T07:36:34Z,FALSE
871,a19dd8a581a946b7ffd1145bd9a90836,null,2024-08-19T05:06:51Z,FALSE
872,005641df884cd0f28158b9baa7752650,null,2024-04-02T12:29:18Z,FALSE
873,d0e259e247dca76bb4d0e720fb00dd54,null,2024-05-25T04:08:59Z,FALSE
874,0df8e20cfc2ff11aaaa72b0ca4e84871,null,2024-06-19T06:34:31Z,FALSE
875,2ce9ab304b74786a2eb1cc0156282a1a,null,2024-05-11T05:25:46Z,FALSE
876,1283879843b68e0490c653f0dbeb58e0,null,2024-06-28T07:22:15Z,FALSE
877,c4e169d385e0b57d3e54c1f92316e6fa,null,2024-03-15T02:44:54Z,FALSE
878,1283879843b68e0490c653f0dbeb58e0,null,2024-04-23T10:14:47Z,FALSE
879,0ae19052dbe3bb8e94b7390780a1a50f,null,2024-06-02T02:42:04Z,FALSE
880,fcd039055a26cfee80cf48f37284e7a5,null,2024-04-24T06:38:50Z,FALSE
881,d7f9d124e72d9c7e7bd1d46d398cc2f3,null,2024-08-22T21:23:01Z,FALSE
882,1283879843b68e0490c653f0dbeb58e0,null,2024-07-20T01:06:09Z,FALSE
883,4ac0d8ba078998438841d62bce880fca,null,2024-05-28T06:00:20Z,FALSE
884,037b1806d0397b30636f2ed53632114b,null,2024-08-04T20:37:15Z,FALSE
885,1283879843b68e0490c653f0dbeb58e0,null,2024-05-02T06:58:54Z,FALSE
886,7d789d96e508a7e0bf16b651255a1af3,null,2024-03-17T11:00:40Z,FALSE
887,e7ce69280fa60b65fd755e439afb654e,null,2024-03-08T14:15:45Z,FALSE
888,c5bb64ef5b899360339301a8cbf0e9e3,c60d19e333137b09ef88880cf343b415,2024-08-26T15:20:28Z,TRUE
889,9b80525e0e185d62e01d6b3114039821,null,2024-03-30T00:44:59Z,FALSE
890,1283879843b68e0490c653f0dbeb58e0,null,2024-03-28T23:32:02Z,FALSE
891,7480fa5998f79c89284b0759edbe7daa,4514f8263328c09c89f38706f4133b96,2024-06-24T01:55:51Z,TRUE
892,a1bdd232aeda13061fe41890e857e63f,null,2024-03-03T21:56:48Z,FALSE
893,70c1c1dce16810644bfd64121500e26b,null,2024-07-02T19:38:27Z,FALSE
894,639961dff68fc3674cea8b58de519be4,null,2024-06-15T13:13:59Z,FALSE
895,0ae19052dbe3bb8e94b7390780a1a50f,null,2024-03-15T11:31:03Z,FALSE
896,d742d8cfaa880e53a96bb84d57ee25d2,null,2024-04-20T23:33:50Z,FALSE
897,0d1635686547ea57d324a1cff4dd3c67,null,2024-07-24T14:27:26Z,FALSE
898,4964c89aa1d0108066f78fe4fa61061b,2dd4890e77b853d4935726250b35aad6,2024-08-26T12:52:28Z,TRUE
899,e0cde5ecf48dfa28405eb36aaad4abf2,null,2024-08-01T00:36:27Z,FALSE
900,da3f40480975c9fdded7179fa91a020b,null,2024-07-13T08:48:21Z,FALSE
901,1283879843b68e0490c653f0dbeb58e0,null,2024-04-04T16:12:04Z,FALSE
902,0ae19052dbe3bb8e94b7390780a1a50f,dc6cb08500d906501a866e8677f43040,2024-08-21T04:51:12Z,TRUE
903,1283879843b68e0490c653f0dbeb58e0,null,2024-08-15T21:34:06Z,FALSE
904,da3f40480975c9fdded7179fa91a020b,null,2024-03-18T20:05:47Z,FALSE
905,0ae19052dbe3bb8e94b7390780a1a50f,null,2024-03-21T09:14:25Z,FALSE
906,2d45367f9f0d8767868468b199471480,4ef376ff1aad84172f686a8dafa79080,2024-03-29T23:25:21Z,TRUE
907,5375ee4ae3e47d19c33578351f9468cf,null,2024-04-27T12:54:17Z,FALSE
908,a19dd8a581a946b7ffd1145bd9a90836,e5d52d6d79a64c941428a42caa904d61,2024-04-19T13:32:01Z,TRUE
909,bfc7dcfdecd70d75d475b86d2d5c729e,null,2024-07-29T19:33:08Z,FALSE
910,3869dd28a4918cc5f22030f3a2592a6d,null,2024-06-17T19:23:00Z,FALSE
911,a19dd8a581a946b7ffd1145bd9a90836,null,2024-04-09T12:43:31Z,FALSE
912,51067249b9d4666aafc28da83fcc7ceb,b1e75d04523849962c3e82befdad0338,2024-07-14T09:12:03Z,TRUE
913,7c6f591ee89667a1f8a33fc50a759a3f,null,2024-04-23T03:09:02Z,FALSE
914,31d3f84abc744356cee4392d6f5dabb4,null,2024-04-04T11:04:47Z,FALSE
915,920d760f9b93c8e17ec4106f67918179,null,2024-08-21T09:18:35Z,FALSE
916,42f18187c2fb4fbb2a1db9d8838e5d4f,null,2024-08-08T07:40:09Z,FALSE
917,0ae19052dbe3bb8e94b7390780a1a50f,null,2024-08-14T04:00:51Z,FALSE
918,a19dd8a581a946b7ffd1145bd9a90836,null,2024-05-18T08:58:07Z,FALSE
919,16627ef5b2b87cccef1e4351a429ba82,null,2024-08-22T20:50:20Z,FALSE
920,5e46b9b5f489844ae83187726e325b21,bcf797b3b799aa44e077a78d45a72742,2024-04-14T16:29:31Z,TRUE
921,108850132aec42e877821575c1b1563d,f42f09d089a220cc4e6e08ecf6dfc65e,2024-05-21T23:52:15Z,TRUE
922,98b50a9970ab8bcf4f478052f8f136b1,null,2024-08-10T15:53:14Z,FALSE
923,172c3ad51f276b09869f234c405fca77,10046d9c088316d19a7a28b5dcf1f8a1,2024-08-06T04:28:42Z,TRUE
924,d58d0c925793c487345553ca20c9ebe2,0f90c6dcc5b1e1da377dac33e81ddf48,2024-08-01T11:44:44Z,TRUE
925,51a2e3d8539a52750092199766a539b4,null,2024-05-01T17:15:24Z,FALSE
926,72a06013ecd9ba0701181cc4f0621b95,null,2024-03-14T12:11:48Z,FALSE
927,db473f2993fb456fd35d6343eab7f37e,null,2024-07-02T14:36:16Z,FALSE
928,84f1b83e2b8b3847b74cd7eca35fd3af,null,2024-05-01T15:27:34Z,FALSE
929,28ffe33f2f209b00b53034106cb864bd,null,2024-07-31T20:48:32Z,FALSE
930,bad07e6d8bb92dfabb67ebe7ce4c7649,bfe27fa84f550354deb8fd4c67031dfe,2024-07-15T17:54:14Z,TRUE
931,ce29d422520ab92af525d25edd3ac22c,null,2024-08-27T23:25:29Z,FALSE
932,b661f5616d36346fbbb3c3d26895e682,null,2024-05-31T08:09:36Z,FALSE
933,6263df3e805ff41bf27f7bcfdac6f383,null,2024-06-12T13:13:55Z,FALSE
934,50e11d7de16f4614bd1d9465fc8d791c,6a97946a13eb455ecd32e82dc99979e7,2024-03-06T02:24:36Z,TRUE
935,808a14e5ecaf7816846540b9d54b7316,60469de9ea3562ddf0973177217da6f7,2024-06-19T09:35:29Z,TRUE
936,a19dd8a581a946b7ffd1145bd9a90836,7adb134498545872ad1b291945e4dc67,2024-05-31T13:53:38Z,TRUE
937,39b33c9f7d6018dfdc75ba51b6ea4c82,null,2024-08-12T05:01:19Z,FALSE
938,53f294fdd2c233dbbbd0c174d94fcee0,null,2024-03-21T18:03:49Z,FALSE
939,1283879843b68e0490c653f0dbeb58e0,null,2024-07-13T00:33:13Z,FALSE
940,fdfd7264d27046edccea1d2dfa4a2a9b,161faa78c559884d44689791a57afe45,2024-04-15T08:50:45Z,TRUE
941,fc98996d8b6a3d435a2c0a766a17a779,null,2024-05-23T01:25:22Z,FALSE
942,b43b58d590ff07dd4e331a65da2ae807,null,2024-07-24T00:34:46Z,FALSE
943,6f769c81dc45402c1767fe6f682d29c7,620943d9c6be10a52ac936a259f5ab60,2024-07-05T19:39:21Z,TRUE
944,ec1ef4d984e4df9eb7fd8f7332f1ebec,null,2024-06-27T07:24:32Z,FALSE
945,eec55ce91dd0480f8695244deac50e48,null,2024-07-16T23:59:47Z,FALSE
946,fc98996d8b6a3d435a2c0a766a17a779,f7625d8e69629369c8ca26abff39a23f,2024-06-15T00:14:21Z,TRUE
947,64c7492bb61faacaed6ec958f503fcda,null,2024-06-08T09:21:35Z,FALSE
948,848cea3248aed4807e74eef86e5bd12b,null,2024-07-09T23:18:53Z,FALSE
949,ce534a3a0fedc355c9a562767dd453d1,5eaa95f22d69d3417b496a56551bcc28,2024-08-18T00:25:51Z,TRUE
950,eef2b2b71ffa1919e3e07c07b9696052,null,2024-04-11T13:33:22Z,FALSE
951,a19dd8a581a946b7ffd1145bd9a90836,null,2024-03-11T07:25:10Z,FALSE
952,57de9513bfb1198dbcd8c3f59ba31a3a,null,2024-08-17T12:42:17Z,FALSE
953,23ce3f9209ef7883a296b829b96c2f0a,null,2024-03-12T06:47:08Z,FALSE
954,7d781ba699e5296e67b3ca35b7577107,null,2024-08-20T06:09:52Z,FALSE
955,4cc385bea1f5920fcfce80e09ea633d0,null,2024-07-30T01:13:30Z,FALSE
956,e7eba10d12f313c039b9773588b04aa9,null,2024-03-07T02:56:43Z,FALSE
957,8d2b088ad28e4c53d6197b7f0cc076e7,null,2024-05-31T19:35:12Z,FALSE
958,43cd2be54c3c7a19ed3e7f13e06ab5ee,null,2024-03-21T12:29:39Z,FALSE
959,151d55874ce3350273fd79e76fd65752,null,2024-07-21T05:56:15Z,FALSE
960,38bc584f55b8e7c91feea73311c179aa,5ae9956260bbe56200823a90d47d19d7,2024-08-05T16:06:08Z,TRUE
961,0ae19052dbe3bb8e94b7390780a1a50f,null,2024-07-12T11:19:53Z,FALSE
962,b1ef6912d252a1c30ce3606e36f89b0c,96a9276f7713f50567720f475f6bb2fc,2024-03-05T03:48:31Z,TRUE
963,0d16fd1aa03b166fa8e5bebb58c8c256,null,2024-03-22T03:58:47Z,FALSE
964,32d16e72e84094ce260ca3ea450bb145,null,2024-07-28T23:07:15Z,FALSE
965,6ba69e90e38e0f3964d7431217210946,null,2024-04-17T11:44:17Z,FALSE
966,dbf2bbc726d4cf41093ba116cb2c93e0,null,2024-06-30T08:41:56Z,FALSE
967,1283879843b68e0490c653f0dbeb58e0,null,2024-05-10T23:52:16Z,FALSE
968,a19dd8a581a946b7ffd1145bd9a90836,null,2024-06-22T01:00:10Z,FALSE
969,0361e4443850c618a1c2dc7b4c3dce60,null,2024-03-31T04:10:15Z,FALSE
970,a2df26b1808689196a28d1c094b3dc17,null,2024-07-29T02:26:38Z,FALSE
971,a9fc3398f82613be2221a479ad419b41,null,2024-06-20T05:58:22Z,FALSE
972,0be66842a320af38fae4d6c1c18118a8,null,2024-04-11T20:17:29Z,FALSE
973,0ae19052dbe3bb8e94b7390780a1a50f,1f4d8f53505fee8c4da33970d83c3d59,2024-06-16T12:57:33Z,TRUE
974,c85d36e6f2ca1ffe0e9aa44f16a5eeaf,null,2024-03-25T03:15:33Z,FALSE
975,a19dd8a581a946b7ffd1145bd9a90836,a34ca323bb60fa919195a1b30c23c60d,2024-04-19T21:35:32Z,TRUE
976,56abbc5d6a53c7bcdf70918f93fb63e7,null,2024-07-06T22:03:30Z,FALSE
977,c2fc78551f66b5390fd476e414e24f1a,null,2024-08-11T07:29:48Z,FALSE
978,2d69650a1cefcf09abe2e3e1ac8844bf,dae3494925fca385b807be6043655288,2024-05-23T18:54:41Z,TRUE
979,f788bcac1dd337f25627c612c1aab2b9,null,2024-03-27T23:59:53Z,FALSE
980,710921e41429e2b4fc214de63cef9238,89d4c66bd669d0353dc02fd174fbc466,2024-06-09T04:26:32Z,TRUE
981,f1e169ba3c826aac0b9dded0015b28af,e0a28de2051b44da606fcd0bebe9248c,2024-08-10T05:51:30Z,TRUE
982,dd32ef074121aec08133da2fbf92362d,null,2024-06-26T22:21:56Z,FALSE
983,60f79709f301aa90978d8fd0bfebd680,null,2024-06-13T16:42:53Z,FALSE
984,3538315ca7286750a4e3ec0b28259781,null,2024-04-03T18:33:39Z,FALSE
985,16d75fde3dbee60d11e7877babd540a7,null,2024-03-22T14:31:47Z,FALSE
986,1807eb4dfa274fd09cf8515168d085cb,null,2024-05-01T22:48:57Z,FALSE
987,3b5586e9abe2f0684eb297340be1d789,null,2024-05-29T05:28:44Z,FALSE
988,f4c14b16b8f7ae6cf2ac209077d5c0ca,null,2024-08-07T04:01:57Z,FALSE
989,657b989d03532d562858f12d4265f66a,null,2024-07-12T18:25:20Z,FALSE
990,7750b1e0a02246ebc8cce81e7c7a53f6,null,2024-06-23T13:29:01Z,FALSE
991,5918a31e07f0275bc92d3616053ab6cd,null,2024-04-03T20:59:31Z,FALSE
992,12c6c54def28a28e3e956b889654dc39,null,2024-04-22T15:37:41Z,FALSE
993,b79e616b9af44c85380aa5aab2159f8e,null,2024-07-07T05:55:35Z,FALSE
994,a19dd8a581a946b7ffd1145bd9a90836,null,2024-04-28T08:30:32Z,FALSE
995,1283879843b68e0490c653f0dbeb58e0,null,2024-08-28T09:05:21Z,FALSE
996,c7f6f3080c2ba5ff12782563d01af9b3,null,2024-03-23T13:15:47Z,FALSE
997,ade76242e3a54fced3ed6d5f417980ac,ea199c5430ba986ad3e8a403a5ce37ac,2024-06-15T07:52:46Z,TRUE
998,dca9f9decb9ec3a96014aae32b9167d3,null,2024-03-15T10:02:18Z,FALSE
999,cf90e0322c2b71a150cb0fa02eb9952a,null,2024-03-06T05:25:13Z,FALSE
1000,2e3de4e3af02e9c8e5b7366d781fd09f,null,2024-05-14T02:41:57Z,FALSE
1001,a19dd8a581a946b7ffd1145bd9a90836,null,2024-04-21T18:31:44Z,FALSE
1002,05c069d1bd227e7a6f95dd688cf81126,null,2024-03-31T04:01:29Z,FALSE
1003,1283879843b68e0490c653f0dbeb58e0,null,2024-06-07T01:18:15Z,FALSE
1004,79a23bd3cad0809e97e3673f16f316ad,null,2024-07-05T15:56:28Z,FALSE
1005,a19dd8a581a946b7ffd1145bd9a90836,null,2024-04-18T02:57:50Z,FALSE
1006,4dd7841bca708480a91eab2b1b4371c6,null,2024-06-05T22:18:17Z,FALSE
1007,92e5977b19f025b06c7ee1f0654ef9c6,null,2024-08-23T01:27:03Z,FALSE
1008,1b70aa4bf71163dd53e6c1f40cb8521c,null,2024-07-10T03:04:33Z,FALSE
1009,1283879843b68e0490c653f0dbeb58e0,null,2024-05-21T09:21:51Z,FALSE
1010,a19dd8a581a946b7ffd1145bd9a90836,null,2024-06-15T17:42:10Z,FALSE
1011,da3f40480975c9fdded7179fa91a020b,null,2024-05-05T17:43:34Z,FALSE
1012,88158e013db6202d6cec2043a5cae0e0,null,2024-07-15T03:02:33Z,FALSE
1013,f3d1f9de24424b4adb7c404a7ebde288,null,2024-03-19T19:36:42Z,FALSE
1014,5680c5a2537bc23cdad1d36ed5c4fbc3,null,2024-07-01T02:00:41Z,FALSE
1015,a19dd8a581a946b7ffd1145bd9a90836,null,2024-03-19T03:32:28Z,FALSE
1016,2049b59a1b2da974f02a625ca5e8e871,null,2024-05-02T02:37:21Z,FALSE
1017,d25aad2d00b8fa31a92d1081ca8647d8,null,2024-07-25T09:25:35Z,FALSE
1018,a19dd8a581a946b7ffd1145bd9a90836,9f405ccedfc1a832880a625fdaf226e6,2024-06-07T23:03:30Z,TRUE
1019,6ac0cdd3cfa6187be5029d169ff65aea,null,2024-03-25T16:41:45Z,FALSE
1020,9a7d76dbed8f20631be524834bbaf018,1787c275724d7f5bb1ce53599a3c937b,2024-03-31T18:27:25Z,TRUE
1021,af1c87c03052429d35413800850e0d55,null,2024-04-10T15:19:22Z,FALSE
1022,8d1cb68fc203b128cd0d75ce5099b50e,null,2024-04-18T17:49:19Z,FALSE
1023,599ed7c3751a31acd451d4f629b7797e,null,2024-05-04T03:17:57Z,FALSE
1024,f6cd3b7655057c6a04af0f2cccb5c2ca,null,2024-05-01T12:19:49Z,FALSE
1025,da3f40480975c9fdded7179fa91a020b,null,2024-08-19T05:58:56Z,FALSE
1026,39545991d88a669ab2073f73f8c001de,null,2024-08-18T21:38:20Z,FALSE
1027,abd690cea5a98ed9679ce6c78e20f14b,null,2024-03-21T20:41:55Z,FALSE
1028,84e8f3b4663a10a9edb7de75a3f4d22c,null,2024-08-03T05:51:07Z,FALSE
1029,c3118c1171a3811f290182675aef8bd1,null,2024-04-08T17:38:59Z,FALSE
1030,b79b1302e7728ae0a7b7d51d353bc06c,null,2024-07-27T02:22:00Z,FALSE
1031,0315fc06db909be59c818859da3c0b45,null,2024-06-20T18:46:17Z,FALSE
1032,6bcdd7eed4923391c35db489410d380d,null,2024-05-13T23:25:14Z,FALSE
1033,2f26c1146bb45fdac07f19419e5cb3e4,null,2024-03-12T05:11:02Z,FALSE
1034,da3f40480975c9fdded7179fa91a020b,null,2024-06-14T23:20:52Z,FALSE
1035,da3f40480975c9fdded7179fa91a020b,e9ea4b4e6d916eeafc97c493c759020b,2024-08-13T09:50:50Z,TRUE
1036,1283879843b68e0490c653f0dbeb58e0,null,2024-08-21T13:50:32Z,FALSE
1037,1283879843b68e0490c653f0dbeb58e0,null,2024-04-01T17:47:54Z,FALSE
1038,34f786b635badb4110d390e051493b25,null,2024-04-24T13:50:11Z,FALSE
1039,d24dca881d6f65df9422eae2fa93d42a,null,2024-08-06T11:40:06Z,FALSE
1040,603474ca0846a443f100478526db7058,null,2024-03-04T14:29:56Z,FALSE
1041,bb967e19a58009cd84ce7d998280bc8e,null,2024-03-13T10:31:17Z,FALSE
1042,1283879843b68e0490c653f0dbeb58e0,null,2024-03-29T21:38:24Z,FALSE
1043,cb001dc6b2af9bc6edc3cc24e49ed922,null,2024-03-25T12:10:58Z,FALSE
1044,059f85c00d1389fad311dddec8381425,null,2024-03-11T08:37:57Z,FALSE
1045,a19dd8a581a946b7ffd1145bd9a90836,null,2024-06-11T00:09:34Z,FALSE
1046,1283879843b68e0490c653f0dbeb58e0,null,2024-05-29T13:55:19Z,FALSE
1047,5f79fcfb86ca7f96b457c1c15cc8545d,null,2024-04-10T03:24:29Z,FALSE
1048,f2502e7269902c319de8589c6d9b74fb,null,2024-08-28T13:33:39Z,FALSE
1049,2dadd6449ea090b0c84f607fee2e32bc,null,2024-08-21T06:09:35Z,FALSE
1050,1283879843b68e0490c653f0dbeb58e0,null,2024-04-17T16:22:08Z,FALSE
1051,a19dd8a581a946b7ffd1145bd9a90836,null,2024-04-17T16:35:16Z,FALSE
1052,83c2d1c6b111e89c97ea10a58d0cf258,null,2024-07-21T22:45:41Z,FALSE
1053,da3f40480975c9fdded7179fa91a020b,null,2024-05-08T15:40:25Z,FALSE
1054,037b1806d0397b30636f2ed53632114b,null,2024-03-13T03:34:20Z,FALSE
1055,da3f40480975c9fdded7179fa91a020b,null,2024-04-20T00:34:56Z,FALSE
1056,7cc2859c7a252441d29feea59f7cce82,null,2024-08-15T08:27:27Z,FALSE
1057,49246bb759924113183b1616d5f3c865,null,2024-06-23T06:58:29Z,FALSE
1058,bb5c65c512e8852ca8e0a832b64a5cc7,null,2024-06-26T11:29:19Z,FALSE
1059,90ca8a9700856d59d07ca2605ddeaf08,null,2024-05-12T01:56:43Z,FALSE
1060,c21db93bfe453cf3d687b28c30ea8662,null,2024-03-06T09:55:30Z,FALSE
1061,b583d97621b0fac9b155b224a123c52b,null,2024-07-21T13:03:38Z,FALSE
1062,a19dd8a581a946b7ffd1145bd9a90836,null,2024-07-19T04:18:23Z,FALSE
1063,1283879843b68e0490c653f0dbeb58e0,null,2024-04-06T03:51:42Z,FALSE
1064,8fce9cde35c5e5722756f116a1e70cc9,null,2024-05-23T07:53:10Z,FALSE
1065,b710b489439cf3e9876d67e5b9924e93,null,2024-07-31T04:55:26Z,FALSE
1066,31012be49d3a8bf38f21216898c65ff9,null,2024-04-03T12:10:19Z,FALSE
1067,4b4e74499c8f8e65338f521c5836bafa,null,2024-05-29T16:56:27Z,FALSE
1068,857a66f4d888120e4f8d279f4ee357cb,385efe2f22fd9e6d09dafa0ba7e213fc,2024-04-28T17:49:34Z,TRUE
1069,f6398542b06eb4db0fa3c03e924a0a13,null,2024-07-24T07:25:45Z,FALSE
1070,4079284e44ae13025ab2bf4e9c2d39a7,null,2024-06-19T18:26:15Z,FALSE
1071,c9cc96f3bec576f7b380586540e738b7,c3a182cca2f97d72a2b114cc4eb7d5ed,2024-08-09T00:46:55Z,TRUE
1072,21e464e661824864960a815b321f0030,214723ae130fddbdfe97500ccfe56145,2024-06-01T18:01:25Z,TRUE
1073,f5d0f3ee27ba049b13b70fef64bddb88,null,2024-08-23T21:03:32Z,FALSE
1074,29ff5591a49c79ecd3d1f98ac589d9ad,null,2024-03-12T05:32:10Z,FALSE
1075,0ae19052dbe3bb8e94b7390780a1a50f,null,2024-04-06T05:03:31Z,FALSE
1076,a5106ca0d87ef2ed7d8b894c07015988,null,2024-08-23T20:52:54Z,FALSE
1077,b35788f9d64f3096f734745867b0dce7,null,2024-08-24T00:12:56Z,FALSE
1078,0c5c9a8fcf20c091088e9cea5aaf0721,null,2024-04-03T22:19:30Z,FALSE
1079,890e6fe5334e608abf51f4a1e02df658,null,2024-05-08T04:10:27Z,FALSE
1080,ffbd8f8bbdce08422eadd6009a5c1bdd,eadb750fb65d9cad6cb5abf4f87d8365,2024-04-17T04:02:52Z,TRUE
1081,9da619cc10cceb7ffc960012863bd8b9,null,2024-03-31T16:40:06Z,FALSE
1082,b988666948c68691ca040ab52effe4f4,null,2024-04-08T20:18:14Z,FALSE
1083,c864ae9a06d8ea2eb5b41e2a09cdc039,null,2024-08-23T10:30:51Z,FALSE
1084,0ae19052dbe3bb8e94b7390780a1a50f,null,2024-04-23T10:56:30Z,FALSE
1085,842cff0833c3822d06d0470e60b195f9,null,2024-06-08T05:53:15Z,FALSE
1086,e3b42cd25dfa9b492f66765000817319,76a9c0defb090ea7403886792433440e,2024-03-17T02:20:06Z,TRUE
1087,b0c33077a5e1f5774ac5eb9a9fc75ef9,null,2024-07-21T05:06:24Z,FALSE
1088,da3f40480975c9fdded7179fa91a020b,null,2024-06-23T20:02:42Z,FALSE
1089,83aec3c4ad6155a2eb78c840032d5f37,null,2024-07-06T19:26:15Z,FALSE
1090,1b12bbb43a1762ebf973b0377bc13de6,null,2024-07-06T08:09:10Z,FALSE
1091,5f75eaccb2e52fb4ff3208c94278d374,null,2024-08-28T21:15:02Z,FALSE
1092,0ae19052dbe3bb8e94b7390780a1a50f,null,2024-04-29T18:54:08Z,FALSE
1093,4042c8a98a1c5fbf56b06ecc3f069dd0,null,2024-07-07T18:57:55Z,FALSE
1094,da3f40480975c9fdded7179fa91a020b,null,2024-07-31T21:24:03Z,FALSE
1095,a19dd8a581a946b7ffd1145bd9a90836,null,2024-05-20T12:00:48Z,FALSE
1096,2bdc7e197baa5f02337643e4fe61f41b,null,2024-04-19T00:34:24Z,FALSE
1097,6730d4184dc3536ca1162362c6da093c,null,2024-07-04T03:51:42Z,FALSE
1098,1283879843b68e0490c653f0dbeb58e0,null,2024-03-05T20:14:30Z,FALSE
1099,5c4095635e868bc56eb01a62e674a4b6,null,2024-05-27T11:30:23Z,FALSE
1100,4cce60b1129eecb6eaaf6276613d5fbf,null,2024-06-20T04:10:53Z,FALSE
1101,3dfd62beb64598cc0fb13e7f0b5bb2dd,null,2024-07-07T21:51:01Z,FALSE
1102,a19dd8a581a946b7ffd1145bd9a90836,null,2024-07-14T17:01:00Z,FALSE
1103,44d0096a0bee11c7aae002efe8c279dc,null,2024-07-18T08:28:47Z,FALSE
1104,2f10637c0dda6f15f84ebb27b340324f,null,2024-08-17T17:54:47Z,FALSE
1105,8b8f53ffbc33f9f11cc707f1253f9ffe,null,2024-05-13T23:15:49Z,FALSE
1106,0ae19052dbe3bb8e94b7390780a1a50f,b0d9cf3d0f77cc7331768d8504949f1c,2024-04-09T11:07:11Z,TRUE
1107,768dc326ee71cea67a8b77b3b8ccd7a3,df962a9ccb7e5b811aa7e2b1d25c9658,2024-08-23T16:15:57Z,TRUE
1108,ca6661a2b712378621c7c3af0850c74b,null,2024-06-12T09:57:34Z,FALSE
1109,a19dd8a581a946b7ffd1145bd9a90836,null,2024-08-11T11:34:12Z,FALSE
1110,d79a2530764c4d52edf6512a8dfec065,null,2024-03-26T11:27:03Z,FALSE
1111,015cd2ebcc83e3ddd9976b24b1a6df79,null,2024-08-29T10:43:15Z,FALSE
1112,0b00043fb6903a9fd2fb87457b852806,null,2024-05-24T22:19:01Z,FALSE
1113,2d883c42f1fc84e6b013db4bffd3edf7,null,2024-07-15T01:37:48Z,FALSE
1114,30b6be0e74da05d3a2a778d3d13b7061,null,2024-06-04T04:08:14Z,FALSE
1115,04f9549a44b3be936175fae4810e557e,null,2024-03-03T04:49:40Z,FALSE
1116,3973128ec816b7bdb41c0044f7682d32,null,2024-08-12T12:35:42Z,FALSE
1117,0ae19052dbe3bb8e94b7390780a1a50f,null,2024-05-19T10:24:19Z,FALSE
1118,ee04458aebf974b3af8e1621bf15de2a,null,2024-05-03T22:32:05Z,FALSE
1119,64c7492bb61faacaed6ec958f503fcda,null,2024-07-19T01:46:51Z,FALSE
1120,1bfde54dc36bacb6319240a259647356,null,2024-05-26T13:51:08Z,FALSE
1121,b1db3fd35bff96606c82c99f7f1f2d5a,null,2024-04-29T19:36:51Z,FALSE
1122,a19dd8a581a946b7ffd1145bd9a90836,null,2024-05-20T18:16:28Z,FALSE
1123,2006b0d92e3b33503d96a2a173f18ce5,null,2024-03-18T14:25:26Z,FALSE
1124,a12a72d5ced8ece7d24820184f47caa9,null,2024-05-22T14:21:02Z,FALSE
1125,4cfedc14e6e280133f9f1a0b4fb8e0bd,null,2024-04-02T12:04:49Z,FALSE
1126,a19dd8a581a946b7ffd1145bd9a90836,null,2024-04-11T13:25:15Z,FALSE
1127,0ae19052dbe3bb8e94b7390780a1a50f,null,2024-06-08T15:45:23Z,FALSE
1128,1cc212a246faef333112d761dfaf31be,null,2024-03-15T20:42:38Z,FALSE
1129,2a1b9f78319835f9f5950fd3d479b5fb,null,2024-04-11T04:07:07Z,FALSE
1130,66dda5d70730a7ade15f82ce7af5f1fb,5ba71727e84d0411c11cca4ea88c1860,2024-05-17T11:09:50Z,TRUE
1131,1283879843b68e0490c653f0dbeb58e0,null,2024-08-04T03:29:02Z,FALSE
1132,a19dd8a581a946b7ffd1145bd9a90836,null,2024-04-29T00:41:59Z,FALSE
1133,da3f40480975c9fdded7179fa91a020b,null,2024-05-10T10:58:52Z,FALSE
1134,1283879843b68e0490c653f0dbeb58e0,null,2024-08-10T22:49:48Z,FALSE
1135,0ae19052dbe3bb8e94b7390780a1a50f,null,2024-06-30T02:22:13Z,FALSE
1136,455b4f8b4964587c416c43ccfc6f3724,null,2024-08-01T15:50:03Z,FALSE
1137,a19dd8a581a946b7ffd1145bd9a90836,null,2024-07-21T05:45:52Z,FALSE
1138,0ae19052dbe3bb8e94b7390780a1a50f,null,2024-05-17T11:33:37Z,FALSE
1139,3ab6f9b63b55c9d1c1caf9e6962364d3,null,2024-07-20T01:36:51Z,FALSE
1140,7cb84a3100f788b4c88214dbd7ae1bf0,6d951f83bc89274e112f5fb11692b0d0,2024-04-04T18:38:58Z,TRUE
1141,2ae530e6c1154a30d26874a0f7357df4,4bf10248b1692bf1442fa8a049e4422d,2024-05-16T18:28:27Z,TRUE
1142,da3f40480975c9fdded7179fa91a020b,null,2024-08-14T22:41:57Z,FALSE
1143,e381989c968bc51546b4432f174735c0,null,2024-07-11T08:14:09Z,FALSE
1144,0fe92ffc6e4a653de96fe9c597d42854,06986d6a8a43565df7df22657c4c1560,2024-05-21T11:57:17Z,TRUE
1145,d7ffc1976435280e79a12f774ef01ac1,null,2024-06-27T06:40:18Z,FALSE
1146,ee19d44258052176489afdeb4ee06988,null,2024-04-10T04:39:41Z,FALSE
1147,92b35fc35552f747d93dbe349d618838,null,2024-08-02T01:55:07Z,FALSE
1148,d5f5b1bb087bb8e6a1b22209123cf529,58bbcf6169a36c0b5612c60439aa6943,2024-06-04T00:56:48Z,TRUE
1149,da3f40480975c9fdded7179fa91a020b,baea72789298118caec620857c938269,2024-03-02T04:58:20Z,TRUE
1150,76512651e51d792e7c765443a8733cc9,null,2024-03-18T08:13:30Z,FALSE
1151,cd24a2ad6045e584142d0f95f24298d8,null,2024-05-04T05:03:04Z,FALSE
1152,0ae19052dbe3bb8e94b7390780a1a50f,null,2024-05-20T07:38:29Z,FALSE
1153,a19dd8a581a946b7ffd1145bd9a90836,null,2024-08-14T21:47:51Z,FALSE
1154,a19dd8a581a946b7ffd1145bd9a90836,null,2024-03-03T04:28:41Z,FALSE
1155,215df677aa4b2cb493e75b94007abf34,a9ca666c8f65e378d1224531e00559c0,2024-03-31T04:44:08Z,TRUE
1156,0ae19052dbe3bb8e94b7390780a1a50f,null,2024-05-09T19:08:35Z,FALSE
1157,7ef3b84e7b8799921bdd08d1d8ace7b1,null,2024-06-23T17:32:45Z,FALSE
1158,0ae19052dbe3bb8e94b7390780a1a50f,null,2024-07-11T18:46:43Z,FALSE
1159,0929823dd063a21b30adfa599e2f12f9,null,2024-06-09T02:36:21Z,FALSE
1160,2049b59a1b2da974f02a625ca5e8e871,null,2024-04-16T04:19:51Z,FALSE
1161,da3f40480975c9fdded7179fa91a020b,362de171bda6ef77edbc8e2af4e5b333,2024-08-12T21:00:26Z,TRUE
1162,4c94b325bdb2ceac89ff00998983805e,null,2024-07-03T10:08:02Z,FALSE
1163,fa4ef3ec42cd4e01a1afbca4dc1a8490,null,2024-04-18T17:08:57Z,FALSE
1164,49dbf20c694ef2cf206cba8fcdec37bb,null,2024-07-26T01:33:53Z,FALSE
1165,0ae19052dbe3bb8e94b7390780a1a50f,null,2024-05-03T03:18:58Z,FALSE
1166,150148bbceb51e928fabbbdabd63e51e,null,2024-06-21T22:12:29Z,FALSE
1167,64663443af7873c51ea0aa4682ed8b83,null,2024-08-27T12:07:31Z,FALSE
1168,a19dd8a581a946b7ffd1145bd9a90836,null,2024-08-18T15:53:49Z,FALSE
1169,a19dd8a581a946b7ffd1145bd9a90836,null,2024-06-18T11:44:06Z,FALSE
1170,0ae19052dbe3bb8e94b7390780a1a50f,9593ea9159a04603b151f58297194f28,2024-08-29T23:21:05Z,TRUE
1171,a19dd8a581a946b7ffd1145bd9a90836,29fb1d71f6825ddbeee1063893ba0a6b,2024-07-28T17:28:32Z,TRUE
1172,4f83803792fda658438dda44cd291c48,fc3f6c2478666f17fbb4c3f0f428e535,2024-08-23T01:49:22Z,TRUE
1173,34e3543aff8608efcadf8aca6beee837,e4601f70706c6d4143fd342d3ef4f708,2024-08-20T00:11:38Z,TRUE
1174,d90157731aecebc3edd9b56d4a8f7118,null,2024-07-20T03:10:35Z,FALSE
1175,0e0ba8af58fb87082cbfe6c448894744,null,2024-03-14T14:14:14Z,FALSE
1176,df773d42760e850d3c7a753750253e60,9b739057801e67856fd19ce38e12b4cd,2024-05-26T11:30:33Z,TRUE
1177,330c92b4dd6d1251b11a374579b85d9e,null,2024-05-20T05:45:37Z,FALSE
1178,245e4fe75a1db10f4f680f0aaa49c9b6,6d345c47cc7edc843626a3443d2d83a8,2024-03-30T04:55:28Z,TRUE
1179,91b080a694d9ee3c301284282497aa49,null,2024-05-20T02:31:44Z,FALSE
1180,5bb2f83ed06ca3e20e170a05ba38ed68,null,2024-07-23T18:02:42Z,FALSE
1181,97a1c5de4ca5af5fc3621c78584a91b1,785d2d09be174b734ecdcf569eb4ac2f,2024-06-15T16:23:55Z,TRUE
1182,d6a0848413c3e23be8851ef6c053e2fc,null,2024-03-11T16:28:24Z,FALSE
1183,a19dd8a581a946b7ffd1145bd9a90836,null,2024-04-13T11:21:56Z,FALSE
1184,ffc7b8fda2a3c48a3916bef87f0f9189,null,2024-05-03T03:48:09Z,FALSE
1185,cd10164c373c3d8cb8e9a91c6868c331,null,2024-07-14T00:42:13Z,FALSE
1186,5953ae648c4da9670d7a222dc6726c84,79294ca30baf2cb1669502aa73ec3025,2024-06-19T10:25:03Z,TRUE
1187,0ae19052dbe3bb8e94b7390780a1a50f,null,2024-03-11T11:31:29Z,FALSE
1188,1283879843b68e0490c653f0dbeb58e0,null,2024-03-08T16:59:02Z,FALSE
1189,bdea281e07b8e5fcd2aa8f3cf95b4868,a79db7d68139be2074b4b142bc4fa629,2024-03-02T02:14:23Z,TRUE
1190,5afcb781d400814d4bbae0e63e0fa47e,null,2024-05-07T10:13:49Z,FALSE
1191,1283879843b68e0490c653f0dbeb58e0,null,2024-05-08T11:58:18Z,FALSE
1192,26812705e7cc95df4767927a32fef369,null,2024-05-05T06:49:09Z,FALSE
1193,a37c62d48593f70b4d71272f2e8c9429,null,2024-08-05T09:45:46Z,FALSE
1194,95537bc0e536a2cfeeb691fb074a16ab,null,2024-05-01T16:20:06Z,FALSE
1195,2dcbbaf7fd1c338f858dfa349e64dd18,null,2024-07-14T20:29:26Z,FALSE
1196,a19dd8a581a946b7ffd1145bd9a90836,null,2024-04-08T03:53:39Z,FALSE
1197,2372d7861a6e22dc85a17f49512ca2d7,e6a7fc3b65fac73f41273547f1b60431,2024-06-01T04:38:04Z,TRUE
1198,bc63f33e2cbb66a83d778caa751658c5,null,2024-03-12T08:38:43Z,FALSE
1199,0677a0064efb081e047382df07f9d329,null,2024-05-11T12:04:26Z,FALSE
1200,e87439980f63f9215602a42ad716b576,null,2024-07-20T18:46:11Z,FALSE
1201,d3fea29be64cd3144ea3b238b3fbedab,null,2024-08-19T03:21:13Z,FALSE
1202,b35788f9d64f3096f734745867b0dce7,null,2024-04-17T05:13:58Z,FALSE
1203,8ec56b9ca041390735a103269699e30a,null,2024-06-30T07:06:37Z,FALSE
1204,9ca4145affca40be5f77b99e0b860f3b,null,2024-05-08T23:21:50Z,FALSE
1205,33ccce387bd8d6fa6b766b188a820e7e,null,2024-06-23T09:57:04Z,FALSE
1206,6c8967bfa0ad03212477324d8127afdd,null,2024-06-23T23:16:37Z,FALSE
1207,100407f5d815a4e8eba58e7916c4ad1c,null,2024-05-01T15:17:37Z,FALSE
1208,1df95b85305fbc542eeeb1dd6d88e89a,null,2024-08-06T04:14:42Z,FALSE
1209,450fd8d240272f2d3e2046f54332de95,null,2024-04-18T19:53:41Z,FALSE
1210,a5e522241b82da364e9de56983c9a0bf,null,2024-08-02T23:06:20Z,FALSE
1211,45b56a5f0eb26ef63917de46dc9192f8,null,2024-07-04T05:58:51Z,FALSE
1212,c5ce032831731d1f02e3306bee2cd1d0,null,2024-03-06T14:35:52Z,FALSE
1213,a19dd8a581a946b7ffd1145bd9a90836,null,2024-08-15T22:18:52Z,FALSE
1214,ba4b1bb4bce53e80f8921563bc54df78,null,2024-06-26T12:50:27Z,FALSE
1215,836286d7e416f00e71c7d4a4afe76888,null,2024-06-09T22:41:07Z,FALSE
1216,919bec5b52dd8dfeb5127f95bacfbe5f,null,2024-05-30T19:41:24Z,FALSE
1217,a8c528b9eb615b10960967af66158b36,null,2024-03-27T05:08:45Z,FALSE
1218,e03b50c9514a35da9f5145554e895997,null,2024-08-27T21:08:58Z,FALSE
1219,755b2740b5ce9a7c8d39e277e17d2b97,null,2024-07-29T14:05:03Z,FALSE
1220,a19dd8a581a946b7ffd1145bd9a90836,null,2024-07-30T03:07:41Z,FALSE
1221,865860a26787c75c4f615b3910de6968,9d32fb756de64e4e9e1793fff76021f8,2024-05-27T17:00:01Z,TRUE
1222,af9d6a5ed78f92becbf1760d43228a2b,dab49b4ca40e6f27e6792513ac044184,2024-04-24T07:12:18Z,TRUE
1223,da3f40480975c9fdded7179fa91a020b,null,2024-05-11T18:16:28Z,FALSE
1224,1283879843b68e0490c653f0dbeb58e0,null,2024-08-23T22:20:14Z,FALSE
1225,c52e9a7cb6bc17405bf6ae21e24c2cb9,null,2024-03-26T23:57:21Z,FALSE
1226,0ae19052dbe3bb8e94b7390780a1a50f,null,2024-05-31T15:52:33Z,FALSE
1227,aeecbe85364b5ed2b53a4798317fecc0,1dd8d3dea915e0fd7a66139b697879e3,2024-08-15T18:15:45Z,TRUE
1228,da3f40480975c9fdded7179fa91a020b,null,2024-06-27T10:21:53Z,FALSE
1229,51ee606aaf0e0f1dd3081cb3774525c0,9aa1b1fdc5a8ee5d3fcca8348798baca,2024-03-14T22:56:15Z,TRUE
1230,e42528d1e84986f2874ae7c43521bf84,null,2024-03-09T08:14:05Z,FALSE
1231,270122c417873d37e8833f7f702f1461,null,2024-03-21T01:39:52Z,FALSE
1232,a4ea121382647e65d6633d11719da4d8,null,2024-07-26T22:32:41Z,FALSE
1233,e52dd152ba97069f05a890b57f59ca28,null,2024-08-13T18:05:07Z,FALSE
1234,99d71e71383705fb7d312e0e6de0d7ff,57133f5d6e0a044ebf2db0d2fc8f8bef,2024-06-09T09:32:32Z,TRUE
1235,49af808adae6d0022ae486b5959550ad,null,2024-04-16T17:40:21Z,FALSE
1236,c3eadddf0e150739811bc2f791632dfa,null,2024-05-03T09:22:49Z,FALSE
1237,9554c397843c32440b7cf17541497fe6,null,2024-04-19T00:45:21Z,FALSE
1238,1b053ee65ba6e01ba2b7a7a4dc52eb3f,null,2024-06-30T19:24:53Z,FALSE
1239,c6b51706e0874b6851824c18f28004f6,null,2024-05-13T09:40:47Z,FALSE
1240,2fa49b895d6fb874eb0024362ca0536f,null,2024-07-10T20:27:58Z,FALSE
1241,a37c62d48593f70b4d71272f2e8c9429,3278bdb66abe1ee57c84a9a721fda67d,2024-03-03T12:33:04Z,TRUE
1242,6386fb3e692822ee20971c0dd33a96a4,5818177e3c802a4394557f3c2b159409,2024-07-09T03:14:53Z,TRUE
1243,202ea0a644fff67e81518c7b5154b088,null,2024-08-01T09:16:56Z,FALSE
1244,b97e82980c3e509fdbc272295d85df77,null,2024-08-18T05:21:10Z,FALSE
1245,1283879843b68e0490c653f0dbeb58e0,null,2024-03-22T12:22:41Z,FALSE
1246,bf77b7fd60a58a9cddaf228c78bb95b8,null,2024-04-20T05:33:32Z,FALSE
1247,3bfb6cebe0b5d15cc06cb085892a3c7f,null,2024-05-22T09:43:03Z,FALSE
1248,1283879843b68e0490c653f0dbeb58e0,null,2024-08-06T10:07:58Z,FALSE
1249,9811a92cdb6b024f5972cd9b684d9ef5,null,2024-07-16T07:57:38Z,FALSE
1250,5af605f58ed5628083bcf3c9a136f254,null,2024-03-08T22:30:53Z,FALSE
1251,a23db7f3cbd0684233e20e02f61dd1c9,null,2024-06-19T02:21:27Z,FALSE
1252,1283879843b68e0490c653f0dbeb58e0,null,2024-03-04T20:23:04Z,FALSE
1253,61431b740a77469361082cd24d4e7b10,null,2024-03-05T03:23:35Z,FALSE
1254,b610c1989fb825356d1e78ea50439130,null,2024-04-24T18:18:24Z,FALSE
1255,64d45fccce507fd0e8eb57b2104b6352,null,2024-04-25T01:42:02Z,FALSE
1256,da3f40480975c9fdded7179fa91a020b,null,2024-05-23T23:29:13Z,FALSE
1257,26aca057742e2ac49dde7a3a3c7d24ed,null,2024-07-19T20:29:59Z,FALSE
1258,eeb18c9420675310c9eb5760eddee719,null,2024-03-11T16:39:01Z,FALSE
1259,852aacaeb8a4b3203a333ce4921308f8,null,2024-07-30T00:00:37Z,FALSE
1260,0ae19052dbe3bb8e94b7390780a1a50f,null,2024-05-26T14:44:37Z,FALSE
1261,5136c6ea44be101fa1abece3a28655bc,null,2024-03-14T09:41:43Z,FALSE
1262,61af7e23f51501c773b819aab32179c2,null,2024-04-07T04:38:15Z,FALSE
1263,a19dd8a581a946b7ffd1145bd9a90836,null,2024-04-25T18:35:45Z,FALSE
1264,fb4d610e8e0df87265a9144039970278,null,2024-03-25T00:01:56Z,FALSE
1265,1283879843b68e0490c653f0dbeb58e0,null,2024-04-19T23:29:05Z,FALSE
1266,0ae19052dbe3bb8e94b7390780a1a50f,677db2f71faa8c81d2baf4654fdf212b,2024-08-04T01:13:54Z,TRUE
1267,a99b5a34ec74c67bed597c17781f97d4,null,2024-03-23T19:05:21Z,FALSE
1268,75171424b9828c89c5f851f6c2e5d2c5,null,2024-04-09T13:28:03Z,FALSE
1269,b1f60a86bcf38f9453f6298f4802e3d5,null,2024-03-24T01:17:56Z,FALSE
1270,e921f1a49b0b5403aa83be2de44f9f8d,null,2024-04-09T07:34:07Z,FALSE
1271,a19dd8a581a946b7ffd1145bd9a90836,null,2024-07-18T09:38:51Z,FALSE
1272,f081949c6c54310a797db7beafc86821,null,2024-07-17T09:41:12Z,FALSE
1273,3adc93486f709de1d78ad25e27dc1715,null,2024-05-03T05:58:24Z,FALSE
1274,1283879843b68e0490c653f0dbeb58e0,null,2024-03-07T20:53:30Z,FALSE
1275,c952162727ce9fb34ba5398617476ce2,83830246c1662cad9240a36ad68335f1,2024-08-23T03:08:51Z,TRUE
1276,0ae19052dbe3bb8e94b7390780a1a50f,0e5dfcada7634255cb77e0c2d873e095,2024-08-30T15:03:27Z,TRUE
1277,8d0b4c862fc498472b597b564811e922,aeb81f111ebde610f38239b7355f0f8a,2024-08-18T03:23:11Z,TRUE
1278,3fd3be7b5b52f4b6d9dab50e1086f614,null,2024-06-24T21:39:02Z,FALSE
1279,9d8b995e2c2857c753ef744de4ab00e5,null,2024-06-02T06:51:34Z,FALSE
1280,69e93859acb1f27cf597b2793ffa58aa,null,2024-03-30T06:44:47Z,FALSE
1281,bf77b7fd60a58a9cddaf228c78bb95b8,c19bc02cd30fec8617bb05dd1e3cccd5,2024-08-07T23:04:23Z,TRUE
1282,0ae19052dbe3bb8e94b7390780a1a50f,null,2024-06-05T09:16:16Z,FALSE
1283,439ba86bc93d8e605f7603d49dccff78,null,2024-05-26T00:32:11Z,FALSE
1284,a19dd8a581a946b7ffd1145bd9a90836,null,2024-06-20T12:56:37Z,FALSE
1285,edbf54e56f854e7449851c52129c65dc,null,2024-04-05T16:00:30Z,FALSE
1286,e5b28cd0318810ef0d2713ba1ea513a9,null,2024-05-22T22:41:59Z,FALSE
1287,a19dd8a581a946b7ffd1145bd9a90836,null,2024-07-30T18:22:41Z,FALSE
1288,d8856ef6493865670552337f4fae5133,e0ebb793ddb0eee4c072a980d91b1bf7,2024-04-08T02:48:42Z,TRUE
1289,78f9c9b394b6e36c73533420606a0186,75a7a17faff65accebb4ac6ab09dccd8,2024-08-10T12:08:56Z,TRUE
1290,aadf159d50385f87f0b2929202e267ac,null,2024-04-24T02:41:36Z,FALSE
1291,53309c0e0fa1cee5b7e584328156e34e,null,2024-05-18T12:55:47Z,FALSE
1292,0ae19052dbe3bb8e94b7390780a1a50f,null,2024-06-24T14:27:25Z,FALSE
1293,05afdf59d333eeff96e02e14badf2b3a,null,2024-05-04T16:18:34Z,FALSE
1294,a0a26c5aa2f53b99a84a71381beaa4ca,cb79d78d49d108af7233d4f3df8b592d,2024-08-07T12:24:55Z,TRUE
1295,5c4928cb059006fb1737432e95fde069,660008c819cad8f3b58ab1960587b4b1,2024-07-01T12:21:07Z,TRUE
1296,10f56ea2b4493783caabf96dd4af925b,null,2024-03-05T17:41:10Z,FALSE
1297,0ae19052dbe3bb8e94b7390780a1a50f,null,2024-08-17T08:00:13Z,FALSE
1298,ae1800e09260e1c09b0219672fd9b536,null,2024-08-27T03:30:52Z,FALSE
1299,e242d5e46f6fe4c43a5acbb611b92d11,null,2024-06-26T23:58:51Z,FALSE
1300,044114e9a460fe27e71ff65199ffffa5,null,2024-08-08T14:14:30Z,FALSE
1301,e9473026e0680a61ce543fdda2507e96,2be02fb1752ab8960129c6711baabc91,2024-05-25T02:10:00Z,TRUE
1302,afc3f54f82511893dd1aa2946a3b8d1d,98087626f72ddb2d5c598974aba01bf2,2024-08-08T08:02:45Z,TRUE
1303,2ae4773f0152019fe7d943b652c226d8,null,2024-06-03T18:37:18Z,FALSE
1304,da3f40480975c9fdded7179fa91a020b,ad9a4fb623f2f66059683b925ea5a3bc,2024-04-02T21:53:45Z,TRUE
1305,7c3a0a9c7c5ac02d6cab273107091f9c,null,2024-08-15T06:35:34Z,FALSE
1306,ec5d10d1217974f6c5d5e48cb4cdbf97,null,2024-08-16T14:08:35Z,FALSE
1307,023008572aea820658b88312aafba81b,null,2024-04-07T04:11:09Z,FALSE
1308,09204c7377f44bf159165b00afac2d05,null,2024-04-14T11:39:30Z,FALSE
1309,184ebf2dc4c6e411cf1d91c16464ca60,null,2024-05-24T04:21:39Z,FALSE
1310,da3f40480975c9fdded7179fa91a020b,febe922b83f2d05418a8e88a56e4af49,2024-08-28T06:38:08Z,TRUE
1311,a19dd8a581a946b7ffd1145bd9a90836,null,2024-08-07T22:48:33Z,FALSE
1312,eda336c8ccd82ed81cb0dd78fdabe1b5,null,2024-03-16T08:27:33Z,FALSE
1313,1283879843b68e0490c653f0dbeb58e0,273bef5ae02ddbd9d47bdb668b5c9fab,2024-06-03T11:44:27Z,TRUE
1314,981ba1ea007034370e40f9f82f2d35a4,null,2024-04-19T21:10:51Z,FALSE
1315,2458464657731777b684e86d4171bb03,null,2024-07-10T05:21:40Z,FALSE
1316,30d6d2a993998b34ce41b19ebabb3f43,e3d4313c93bfb626cd46ed4dc37b07ac,2024-03-13T16:18:00Z,TRUE
1317,08231270fdd8e5030aa3456da27a6fc7,null,2024-08-29T17:10:19Z,FALSE
1318,f7386d9ef773f254e67768016f05983a,00003f8052653f6549fb150bf631f929,2024-06-05T22:13:24Z,TRUE
1319,70293137bd5c4c78043d710c0b258a3e,null,2024-03-29T07:52:46Z,FALSE
1320,e1a294df08f84c707a6a28f93ce0e848,null,2024-06-20T23:00:10Z,FALSE
1321,a04f95006c86613defa904318eeaa1b6,null,2024-03-14T02:20:03Z,FALSE
1322,35c9197a3967631279e7b33a6a95d186,null,2024-03-16T18:08:34Z,FALSE
1323,4387067b08e9182b14cd033d87c11300,null,2024-04-24T21:40:13Z,FALSE
1324,1283879843b68e0490c653f0dbeb58e0,null,2024-04-09T14:39:48Z,FALSE
1325,c5ce032831731d1f02e3306bee2cd1d0,null,2024-07-27T03:20:58Z,FALSE
1326,56df1b96895449be855fc223161075a3,null,2024-03-18T02:33:39Z,FALSE
1327,a19dd8a581a946b7ffd1145bd9a90836,null,2024-06-22T14:03:23Z,FALSE
1328,c9e49e010d579355106ac85c0d986c59,null,2024-04-07T05:08:14Z,FALSE
1329,62f161523302ec995dbe3e8a2b4fa7ef,null,2024-03-23T07:50:31Z,FALSE
1330,a9615cc50f88da3c28a35f59aa83a978,null,2024-08-01T04:48:03Z,FALSE
1331,0ae19052dbe3bb8e94b7390780a1a50f,5f685093e79f255a9c26aed27aa72bfd,2024-08-23T03:35:01Z,TRUE
1332,9190b147057abecc880f15fa6f481d16,null,2024-03-19T17:30:17Z,FALSE
1333,e378ec874dc6b75ae16ff719c53fed96,3361b87eed786d8ee68d5dbb7baac9a0,2024-07-06T19:28:57Z,TRUE
1334,0ae19052dbe3bb8e94b7390780a1a50f,null,2024-06-29T09:26:40Z,FALSE
1335,3923dc7d526bbc97243d62a4d4450820,null,2024-08-08T00:28:48Z,FALSE
1336,1283879843b68e0490c653f0dbeb58e0,f18a656d695e767429d9fe78af7c46c9,2024-07-30T20:25:26Z,TRUE
1337,0ae19052dbe3bb8e94b7390780a1a50f,9f3f435717be2b8c8be01137c04a5555,2024-06-09T17:58:52Z,TRUE
1338,9edbdd8f0eb283d24edda168410ff511,null,2024-04-03T21:24:50Z,FALSE
1339,0ae19052dbe3bb8e94b7390780a1a50f,null,2024-04-21T19:13:07Z,FALSE
1340,cde01b286a5909af9ae7aafc506a084c,null,2024-04-16T08:20:49Z,FALSE
1341,32ac808c26b7f607a91335ecc533391c,null,2024-08-21T20:09:04Z,FALSE
1342,f06880c24fcbd21593a56d6f087dd240,null,2024-08-14T06:22:51Z,FALSE
1343,cff3de534bccfa2387c143f6dcb9beaa,null,2024-04-22T16:20:10Z,FALSE
1344,a19dd8a581a946b7ffd1145bd9a90836,null,2024-07-19T17:56:45Z,FALSE
1345,28ffe33f2f209b00b53034106cb864bd,null,2024-06-07T15:52:22Z,FALSE
1346,4c92ad03b989035006cdcfd357f94133,1d9e606d747f1259d9485ac783eb8dca,2024-06-28T20:56:39Z,TRUE
1347,b327b2b9f13fce92ca7500a030be5215,45032f569a5c824b65cb2e62f423739c,2024-03-21T22:43:57Z,TRUE
1348,b6be89086b95788fe2722b0884e0daa2,null,2024-06-17T03:53:23Z,FALSE
1349,49187f6619936e6b59648a35d725a3ed,null,2024-03-11T16:55:19Z,FALSE
1350,f4bd6e6105e8322f12bb1a9a04cb3634,5d2759a3fdcdab6a208d3885e7702875,2024-08-24T18:44:56Z,TRUE
1351,fcae59dcf79dc72684d4880713927222,835a8053ae6da3b5c4a89b0aefda3bb7,2024-08-20T09:20:37Z,TRUE
1352,46277f9390f290c92ebeb028a7bd76cf,null,2024-03-01T11:25:38Z,FALSE
1353,1a30e9062ad01545fc73f1c6d208ccb5,null,2024-03-21T15:20:29Z,FALSE
1354,da3f40480975c9fdded7179fa91a020b,null,2024-06-22T18:32:02Z,FALSE
1355,d6eeb071dca1cd16559866f098876f8f,null,2024-05-27T17:51:29Z,FALSE
1356,40b759d14e7b5ab362172df71964f850,null,2024-03-21T12:45:10Z,FALSE
1357,7005ccb09032995f9b7520b8cef5c227,null,2024-08-21T07:39:29Z,FALSE
1358,155eaf423888e2de3a53936c65ff79a1,null,2024-05-23T22:08:09Z,FALSE
1359,1283879843b68e0490c653f0dbeb58e0,483a320e1782783854de07dc84b94bb9,2024-08-27T20:39:21Z,TRUE
1360,bb976eb5f121e9410045ce4c5c0bf875,null,2024-08-22T06:40:03Z,FALSE
1361,b610c1989fb825356d1e78ea50439130,5cfbdc6fd52aaa7960673247af0e38ec,2024-06-25T03:43:40Z,TRUE
1362,a6ea1b866f8312cb2872125076910a71,25e9febe6e580968cf1185f33dca048b,2024-08-11T06:06:35Z,TRUE
1363,0ae19052dbe3bb8e94b7390780a1a50f,null,2024-04-16T14:22:42Z,FALSE
1364,a19dd8a581a946b7ffd1145bd9a90836,null,2024-08-07T07:38:30Z,FALSE
1365,03128025d8920df516e37ca7409509aa,52f26dce10ef9aa09cb9c98a62e4698e,2024-06-05T02:48:55Z,TRUE
1366,4839f9382d35cf1c28842f8d68db8e89,7fcc534e0b0095270b11089195c3d208,2024-08-23T17:34:17Z,TRUE
1367,1283879843b68e0490c653f0dbeb58e0,null,2024-08-08T21:14:39Z,FALSE
1368,c2eff70f2a7d9450adeab49e3ba07db2,null,2024-03-01T22:41:49Z,FALSE
1369,3c9fa5bb9003d8dc5bc56dd78150de89,null,2024-04-02T18:47:17Z,FALSE
1370,0ae19052dbe3bb8e94b7390780a1a50f,null,2024-05-08T07:41:06Z,FALSE
1371,ddf36908327737b878d388e85c328cb0,null,2024-05-31T04:51:25Z,FALSE
1372,95e49859731db211326871830bfb2988,aade412b0ae270232a66a7a93b297c09,2024-08-21T03:15:00Z,TRUE
1373,1283879843b68e0490c653f0dbeb58e0,null,2024-06-06T20:51:58Z,FALSE
1374,956e4a15004a74c129a7b8d1f3068835,d1c339457f460c3530d5923671f64852,2024-06-29T04:52:44Z,TRUE
1375,da3f40480975c9fdded7179fa91a020b,null,2024-04-02T08:58:46Z,FALSE
1376,a19dd8a581a946b7ffd1145bd9a90836,null,2024-07-16T19:33:21Z,FALSE
1377,a4f13725ab9778e79ac469a5e27b3094,null,2024-03-10T14:39:55Z,FALSE
1378,143ef25b05b17ed8bb698c8834ae5560,null,2024-05-02T06:17:54Z,FALSE
1379,0d1635686547ea57d324a1cff4dd3c67,null,2024-04-26T05:31:00Z,FALSE
1380,a19dd8a581a946b7ffd1145bd9a90836,null,2024-05-13T03:40:33Z,FALSE
1381,57b11ed6c1508ac087d97d4e527c864a,null,2024-08-28T03:17:14Z,FALSE
1382,ee4772360473cd602d1907064059427d,null,2024-05-27T15:08:51Z,FALSE
1383,1f6cf7708c5ced930486107fe5a95b54,null,2024-05-11T12:36:58Z,FALSE
1384,734c64ad4fe2e17b5c7da560d5df99d8,50d25a3e74c72d4e57eb37a1cf0ff476,2024-06-28T05:14:44Z,TRUE
1385,0ae19052dbe3bb8e94b7390780a1a50f,null,2024-06-03T23:22:05Z,FALSE
1386,fe6f2d428402404455503ba3e35a4971,null,2024-08-21T13:50:03Z,FALSE
1387,9ad616a2df0ee665e585b8b18bfa92ea,null,2024-03-27T13:21:04Z,FALSE
1388,da3f40480975c9fdded7179fa91a020b,null,2024-08-11T19:48:23Z,FALSE
1389,f25112d5e9a1737eef28a28aedefd749,null,2024-05-10T13:01:45Z,FALSE
1390,1283879843b68e0490c653f0dbeb58e0,null,2024-06-06T09:31:52Z,FALSE
1391,6735d1eb5414e7c3aca09d0e24464b92,null,2024-06-22T12:50:45Z,FALSE
1392,0ae19052dbe3bb8e94b7390780a1a50f,null,2024-08-17T09:25:06Z,FALSE
1393,2f34b1ca4274e6b92359da93dba9f8b0,null,2024-03-12T04:41:42Z,FALSE
1394,54afaf403011f3edaf69fb99594586fc,c899923cc1f9738bb8f784c3e0cd367f,2024-08-28T09:35:45Z,TRUE
1395,5b7be8eb990f0efdc4eeddddc8441e92,null,2024-06-30T08:02:38Z,FALSE
1396,8e37b9620c7d8d7595121c9cea2eb1c5,null,2024-03-07T21:48:59Z,FALSE
1397,a19dd8a581a946b7ffd1145bd9a90836,null,2024-03-23T17:26:25Z,FALSE
1398,a19dd8a581a946b7ffd1145bd9a90836,null,2024-03-19T11:07:20Z,FALSE
1399,1283879843b68e0490c653f0dbeb58e0,null,2024-04-21T16:03:10Z,FALSE
1400,a83691615d0eeac6cb10ad7055ccd8db,8a9e06ef07cbae09919a13d56e6262a9,2024-04-21T01:01:23Z,TRUE
1401,aaac414fd93b56b23fbb3a3860a0b6f5,null,2024-06-26T03:34:53Z,FALSE
1402,1283879843b68e0490c653f0dbeb58e0,null,2024-05-24T02:43:04Z,FALSE
1403,5f53cd284a10996b8d3ab1465e5e0dd4,null,2024-08-09T06:18:51Z,FALSE
1404,4bd25e247cc4fd782b65b8f44eea93e7,null,2024-04-03T16:59:11Z,FALSE
1405,08af9abf249a70a691a8f039f976a6b3,null,2024-07-13T05:01:41Z,FALSE
1406,0ae19052dbe3bb8e94b7390780a1a50f,null,2024-03-27T01:09:38Z,FALSE
1407,cf1f73c9173b580d3aaaaa4fb46e96e8,06845e9904ae4225b2340244ac5e1626,2024-06-08T11:26:09Z,TRUE
1408,0ae19052dbe3bb8e94b7390780a1a50f,null,2024-06-14T06:46:57Z,FALSE
1409,da3f40480975c9fdded7179fa91a020b,null,2024-03-30T07:36:44Z,FALSE
1410,17125eed53eb7e176a97e475cfdbacc3,null,2024-07-16T21:27:33Z,FALSE
1411,46277f9390f290c92ebeb028a7bd76cf,null,2024-04-15T02:24:31Z,FALSE
1412,1abb68742dbcd6a76a7d3d7e22e1f9c3,null,2024-03-06T19:06:59Z,FALSE
1413,253cdbbade1bbf2cd7b1f06cd07ce962,null,2024-06-12T01:26:41Z,FALSE
1414,f0a4335cd0beee229b2cf7dd09c4da74,fe158326b505c6163a01e6ecd84aec8d,2024-04-23T18:29:15Z,TRUE
1415,8ccf6bd64c154d6283d822651a1d2594,null,2024-07-29T09:36:19Z,FALSE
1416,d053cdca59cb683c9cabfaaff6e6a28c,3013d6d0a56637ce2ae1517979f944fa,2024-08-12T15:20:49Z,TRUE
1417,cb001dc6b2af9bc6edc3cc24e49ed922,null,2024-05-20T03:26:46Z,FALSE
1418,aae5b0a49b09fdca1cb7950a1352c9ae,null,2024-05-10T06:50:24Z,FALSE
1419,da3f40480975c9fdded7179fa91a020b,null,2024-08-08T07:34:24Z,FALSE
1420,0ae19052dbe3bb8e94b7390780a1a50f,null,2024-04-25T11:59:23Z,FALSE
1421,0ae19052dbe3bb8e94b7390780a1a50f,230c1e6ccfcf339b7b7e67a438039354,2024-04-09T18:43:57Z,TRUE
1422,af065134e3dd55ee9987bda33f36df1c,null,2024-06-25T13:18:39Z,FALSE
1423,43f408748cdbb6cab044ceefc2dba312,null,2024-08-23T23:12:17Z,FALSE
1424,2f5b4ffccdbff6a70ba60092ccd84d96,null,2024-08-19T09:15:13Z,FALSE
1425,3cf5b0100134a2dcb4f0a1172f146482,null,2024-08-02T15:49:01Z,FALSE
1426,a88ba910224e9974f85496e94ea08c3b,null,2024-03-23T14:06:29Z,FALSE
1427,3d9b67bd16c839c01629f82b6601d0f3,null,2024-03-16T11:32:05Z,FALSE
1428,c25c36afeb67d675b17c6ee111ea2ba2,null,2024-03-24T08:51:55Z,FALSE
1429,fe6f2d428402404455503ba3e35a4971,null,2024-08-11T06:24:35Z,FALSE
1430,5e1025fa55471c31ffe84f324051d274,null,2024-05-06T01:56:21Z,FALSE
1431,67f5a60b19ad2e6c2ed44eb70a2f6071,null,2024-06-06T17:42:07Z,FALSE
1432,38a60b3c52aa1c4bcaa59f891a71ca77,null,2024-05-26T02:29:24Z,FALSE
1433,1283879843b68e0490c653f0dbeb58e0,null,2024-05-04T04:36:51Z,FALSE
1434,66e6e026a361ece52e494d9f33284bd1,null,2024-05-20T08:38:48Z,FALSE
1435,1283879843b68e0490c653f0dbeb58e0,null,2024-07-31T21:26:56Z,FALSE
1436,1283879843b68e0490c653f0dbeb58e0,ed7fd627cf12652b7005d1484435dbcd,2024-04-04T20:09:47Z,TRUE
1437,a19dd8a581a946b7ffd1145bd9a90836,56eb696a444e4c5f7ca1fb0738d5c160,2024-06-10T20:30:16Z,TRUE
1438,aeecbe85364b5ed2b53a4798317fecc0,7024eb1d4620025737e2ad24e09f9104,2024-07-28T20:49:59Z,TRUE
1439,a19dd8a581a946b7ffd1145bd9a90836,null,2024-06-19T04:01:50Z,FALSE
1440,706b7bba1f6dc929c04b8252dd35d1df,null,2024-08-28T14:41:49Z,FALSE
1441,1283879843b68e0490c653f0dbeb58e0,null,2024-05-06T22:58:02Z,FALSE
1442,da3f40480975c9fdded7179fa91a020b,null,2024-08-05T10:20:47Z,FALSE
1443,15e186601a86b989c1db562175ce1da2,e783c057a465bee841b0f4272d435ac5,2024-08-15T19:55:51Z,TRUE
1444,aa9cf236efd88aec1e1cd8c28e407880,null,2024-04-06T11:43:21Z,FALSE
1445,63848a8dea4ccc9a60ddda73279ad3fa,null,2024-05-15T07:13:40Z,FALSE
1446,a19dd8a581a946b7ffd1145bd9a90836,647cbb81cdc09f072a8501e3e6dd8741,2024-08-25T00:14:50Z,TRUE
1447,7a4a587e1d33c38485a7a861dcd50bb7,null,2024-04-20T09:20:33Z,FALSE
1448,24c894cd539ae624ddc9ba477d38cda4,null,2024-07-07T08:34:08Z,FALSE
1449,d8a00870b5d33d560861b2d70991d2f3,null,2024-04-27T19:22:15Z,FALSE
1450,d2dd81573b72f6b0ae7427ed4b56d9b6,null,2024-03-07T14:54:38Z,FALSE
1451,29f63b0b90871ddc39bbf5fe6b4674b0,2efcf9c4ceb26ede0206ea35cfffdaae,2024-05-28T04:04:34Z,TRUE
1452,54afaf403011f3edaf69fb99594586fc,null,2024-07-20T21:56:42Z,FALSE
1453,0ae19052dbe3bb8e94b7390780a1a50f,a1f0a90b9dc3ff7f769e84ab5844305d,2024-07-17T14:10:50Z,TRUE
1454,da3f40480975c9fdded7179fa91a020b,null,2024-04-09T07:14:13Z,FALSE
1455,72ef0ea91df24d19dbc30b2cf722048c,null,2024-04-23T21:59:34Z,FALSE
1456,4464ad92178cf5947d88e23df209d2c1,null,2024-03-29T12:04:30Z,FALSE
1457,8553375a7af4eeec7843264b1b0a540e,null,2024-06-11T17:13:54Z,FALSE
1458,1283879843b68e0490c653f0dbeb58e0,null,2024-07-05T13:55:35Z,FALSE
1459,a19dd8a581a946b7ffd1145bd9a90836,null,2024-08-10T22:49:13Z,FALSE
1460,2546f7d9b632216955c27601502e52dd,null,2024-08-25T18:49:08Z,FALSE
1461,1283879843b68e0490c653f0dbeb58e0,null,2024-03-12T06:40:17Z,FALSE
1462,f183b43483f60d21e7818458a5e5be63,null,2024-06-30T02:56:03Z,FALSE
1463,a19dd8a581a946b7ffd1145bd9a90836,baf2351f9171f50b5ac18f33a0dcfd97,2024-06-13T02:12:37Z,TRUE
1464,375c527fc1f6fe00c2dfe6ec05c76bf5,null,2024-04-27T03:27:37Z,FALSE
1465,95c6b34d766959f80960a0ca4b770b93,ba57780b9a721c6e63d667d14174fea7,2024-05-08T04:53:12Z,TRUE
1466,0ae19052dbe3bb8e94b7390780a1a50f,0a5987154cfed1e432f4800873f48b53,2024-07-18T11:12:28Z,TRUE
1467,eac6f0fad15de361658fb654164836d4,5ef718254fda1a49ac90e6925ffb1c31,2024-06-13T04:34:23Z,TRUE
1468,a19dd8a581a946b7ffd1145bd9a90836,null,2024-08-07T06:45:22Z,FALSE
1469,284fa84c967c048b3eff83a7f3bb94ba,null,2024-04-25T13:03:51Z,FALSE
1470,1283879843b68e0490c653f0dbeb58e0,null,2024-03-13T09:41:34Z,FALSE
1471,a19dd8a581a946b7ffd1145bd9a90836,8902dcb61b650854ab9f97ec30658844,2024-07-04T06:54:03Z,TRUE
1472,adb6484da124d52393e9dd9d83a28c67,f036d776da93312d030e222ba3b392e9,2024-07-04T21:58:26Z,TRUE
1473,7205a68a88a9bf6a7f061d5156e8b3d2,null,2024-04-21T03:19:05Z,FALSE
1474,6c483f0d6fa965e01c9cdde30b614df0,null,2024-08-29T02:26:13Z,FALSE
1475,768dc326ee71cea67a8b77b3b8ccd7a3,null,2024-06-02T12:16:39Z,FALSE
1476,bcd06b1e4a16d1ffabb07e5d4449acdc,null,2024-04-29T22:34:08Z,FALSE
1477,0ae19052dbe3bb8e94b7390780a1a50f,null,2024-08-14T09:11:57Z,FALSE
1478,d87d5742429fe59ae95e008b9ec2de20,592e589503b52db502c835998072f3fb,2024-07-29T02:29:04Z,TRUE
1479,a4d4f838f7f82cc52ab9d5d78ef7b2e6,null,2024-06-02T11:18:41Z,FALSE
1480,0b4748417a3395f6c8d6565779cf707e,null,2024-07-30T00:46:03Z,FALSE
1481,c09427b9f4b225833c2de6315eb0f7e0,1e4167da5f73668fdc0569f43d1f6639,2024-08-25T06:18:59Z,TRUE
1482,da3f40480975c9fdded7179fa91a020b,70426dcc72411f4723bc06c4ab21a90c,2024-04-08T01:39:09Z,TRUE
1483,f78441aaed6137411665e457b27739dc,null,2024-07-17T02:03:53Z,FALSE
1484,36206a6cc18454b5efa82a0f5ac3ab37,null,2024-08-22T00:25:26Z,FALSE
1485,1283879843b68e0490c653f0dbeb58e0,null,2024-06-19T20:53:32Z,FALSE
1486,1283879843b68e0490c653f0dbeb58e0,null,2024-07-08T06:08:11Z,FALSE
1487,e77ec921b5157d855d7275ab69e93251,null,2024-05-09T16:59:14Z,FALSE
1488,da3f40480975c9fdded7179fa91a020b,null,2024-04-16T20:13:49Z,FALSE
1489,a19dd8a581a946b7ffd1145bd9a90836,null,2024-06-14T14:23:02Z,FALSE
1490,1f2ba8b335895bb1c64fc583534b8693,null,2024-08-18T04:48:16Z,FALSE
1491,a19dd8a581a946b7ffd1145bd9a90836,null,2024-03-23T19:32:20Z,FALSE
1492,cd649040a28fcc5b41259d9875f48c2c,null,2024-08-20T16:31:07Z,FALSE
1493,1283879843b68e0490c653f0dbeb58e0,null,2024-07-26T20:59:18Z,FALSE
1494,da3f40480975c9fdded7179fa91a020b,null,2024-04-29T14:17:04Z,FALSE
1495,5afcb781d400814d4bbae0e63e0fa47e,a2ee31acd2375d18aa7bdd888516deb4,2024-06-12T18:21:59Z,TRUE
1496,b0c33077a5e1f5774ac5eb9a9fc75ef9,null,2024-08-21T08:47:51Z,FALSE
1497,0ae19052dbe3bb8e94b7390780a1a50f,null,2024-03-02T23:32:19Z,FALSE
1498,75b2f84c30afd7f4e35d5b8869d386a2,null,2024-07-19T05:06:34Z,FALSE
1499,de31f6b45f507b54bcc9e1654ffff31e,null,2024-07-01T12:56:04Z,FALSE
1500,2da3f3f5e495630c2043e8a04a0c9303,045c54a94b98dae48880461a5a0ea6ea,2024-04-03T22:43:48Z,TRUE
1501,4dd9111a653810e0cffc16c0f4c3932f,cbc9093e42d9c5e002f54a14678e78d5,2024-08-16T20:30:47Z,TRUE
1502,da8b4f359f714c672e9074718859f580,null,2024-07-11T06:43:23Z,FALSE
1503,1283879843b68e0490c653f0dbeb58e0,999dad3d5199f35b76f16047cb7ce4de,2024-07-11T23:40:37Z,TRUE
1504,cddee6d12a5f3682e62594aa7861d781,null,2024-07-25T17:43:26Z,FALSE
1505,77f61e61aed303e41ec6e6f5d9f002a0,null,2024-05-27T09:42:43Z,FALSE
1506,0c92d048694f6ab78472ad7741730f40,null,2024-04-20T12:55:08Z,FALSE
1507,b9a573504b832343bb25f084d9d0d078,549ef3a2fec5aa776e0fc06d2ca6395e,2024-06-22T13:08:11Z,TRUE
1508,8708b73f37eaa5883b288a8358b5b41d,null,2024-06-19T05:05:51Z,FALSE
1509,5c736a4b2cddd1ae2af315c894734af2,null,2024-08-06T10:55:48Z,FALSE
1510,72a06013ecd9ba0701181cc4f0621b95,null,2024-04-12T02:14:19Z,FALSE
1511,425cf243376ecdf0afcd9ab861459ae2,null,2024-03-07T19:19:17Z,FALSE
1512,f734a40efacda3fe2b9ae7becbaadfd7,null,2024-05-03T04:41:15Z,FALSE
1513,5c4928cb059006fb1737432e95fde069,null,2024-04-15T21:29:24Z,FALSE
1514,a619e9b6814d7ed0430575636f9fada4,null,2024-05-18T17:35:40Z,FALSE
1515,567037639a7f3c31307981d51427a24a,null,2024-06-01T17:03:24Z,FALSE
1516,a19dd8a581a946b7ffd1145bd9a90836,77b28d17b1d704209a7525e8468badec,2024-06-13T15:05:25Z,TRUE
1517,a995f3c627e3852a5896e7cf11fc1281,null,2024-08-16T19:23:26Z,FALSE
1518,70582dd26505281b90eb5ff0e0ea2f04,28540be99ade7542652a44ce008a07c3,2024-05-18T07:42:16Z,TRUE
1519,0ae19052dbe3bb8e94b7390780a1a50f,null,2024-03-12T03:39:34Z,FALSE
1520,f83ee3fac119801026cbf06f46953b91,363f6e058e899565a165c92ca9052e64,2024-03-27T23:18:59Z,TRUE
1521,0ae19052dbe3bb8e94b7390780a1a50f,null,2024-08-20T21:41:47Z,FALSE
1522,c0f50db45fd056f77cb0aad659e96e53,null,2024-04-17T10:03:32Z,FALSE
1523,5652a0e14ebe9f0b0d7f5628092dadb3,fdcf484740d6b0398088e83e6aab4cc6,2024-08-21T11:51:58Z,TRUE
1524,9ec643fec9b157bbc22228c7b0e93fc6,null,2024-05-14T20:03:51Z,FALSE
1525,065b89562e6ce95026f1dd3ba604de10,null,2024-03-11T00:19:56Z,FALSE
1526,1283879843b68e0490c653f0dbeb58e0,null,2024-04-11T12:52:59Z,FALSE
1527,7835c75fe191dd2a71096141a1891513,null,2024-03-08T08:22:00Z,FALSE
1528,d85e32b09a3f32d4ff5919a4ac829144,null,2024-08-05T11:20:55Z,FALSE
1529,7a191645325b5b68a26b14f412b80eea,null,2024-07-11T08:12:23Z,FALSE
1530,0437397d775807b1c49471be86857326,null,2024-08-23T07:08:46Z,FALSE
1531,7a9ec0a4b4c944cef01f0ba0067fbf04,null,2024-07-25T01:21:54Z,FALSE
1532,05e3fc5cfd56ba9ff8dab4421258563c,null,2024-03-03T06:45:25Z,FALSE
1533,0ae19052dbe3bb8e94b7390780a1a50f,e4b2eba356f78e01caa3ab6feec25822,2024-06-19T06:34:37Z,TRUE
1534,40d7e39b77aa00af4284521fedd24666,null,2024-06-27T00:56:40Z,FALSE
1535,1283879843b68e0490c653f0dbeb58e0,null,2024-08-12T17:44:42Z,FALSE
1536,367920512092660927882aa55481c5e6,null,2024-07-18T13:35:56Z,FALSE
1537,a0107d15ba59ec09e718760725b7eb3c,null,2024-07-18T19:33:38Z,FALSE
1538,550feac1536b5fb0e97f5c264b42c3ad,null,2024-06-09T12:47:41Z,FALSE
1539,0ae19052dbe3bb8e94b7390780a1a50f,null,2024-03-13T12:24:52Z,FALSE
1540,122690f30446b98c494b94fe2adb73f3,null,2024-04-02T19:12:09Z,FALSE
1541,1283879843b68e0490c653f0dbeb58e0,null,2024-03-25T00:59:42Z,FALSE
1542,2de224a4021299e4bd0a21b453cff844,58323beb5a446d6d7642a7a64d237ce6,2024-08-21T21:17:31Z,TRUE
1543,0406a0f4b4fa7bc80fabe93666e66f8b,null,2024-08-26T21:50:25Z,FALSE
1544,e273a82820f148c5ca90093187fde186,null,2024-06-25T16:57:34Z,FALSE
1545,0d1635686547ea57d324a1cff4dd3c67,null,2024-03-17T17:52:31Z,FALSE
1546,1283879843b68e0490c653f0dbeb58e0,null,2024-03-06T13:04:45Z,FALSE
1547,5d92ec6820ebabfdbf417bff78e2477e,null,2024-08-11T18:01:29Z,FALSE
1548,76348389deb30688aaa1b0d7de64cf87,3deaf1993892976f5dc3641e1e6ba202,2024-04-23T23:06:04Z,TRUE
1549,0ae19052dbe3bb8e94b7390780a1a50f,null,2024-03-12T14:27:01Z,FALSE
1550,29ff5591a49c79ecd3d1f98ac589d9ad,null,2024-04-04T00:36:33Z,FALSE
1551,1283879843b68e0490c653f0dbeb58e0,null,2024-03-12T15:57:03Z,FALSE
1552,0ae19052dbe3bb8e94b7390780a1a50f,122bd9bd4556d9001aef9cab9fce41bb,2024-03-15T03:08:26Z,TRUE
1553,3b69ed9c90b5bb9416254b2e3e55388d,null,2024-08-01T01:39:37Z,FALSE
1554,948ac55d6de37f67efaf13a92c1a7ff4,30329bfdca96c048852e16e0da58c198,2024-08-28T05:08:55Z,TRUE
1555,ae6bc817e3ddb9b91499ea00d13d5923,2ece24c382129b0afc834864ab540b1d,2024-03-10T05:28:51Z,TRUE
1556,da3f40480975c9fdded7179fa91a020b,5e16e8be711dff0e4b37be6d426dc0d9,2024-03-07T08:41:01Z,TRUE
1557,e52dd152ba97069f05a890b57f59ca28,null,2024-08-02T09:13:00Z,FALSE
1558,0ae19052dbe3bb8e94b7390780a1a50f,1f3a620b6a529aca8bdf9b1a7a8cc9c8,2024-07-16T21:23:10Z,TRUE
1559,62d462416d4b7531f8b1104955c4be56,null,2024-04-09T19:09:08Z,FALSE
1560,9f29debcef75eb948c0ed75450023fe9,null,2024-03-04T07:25:09Z,FALSE
1561,6bd36bc684120475c08a943036ab553d,null,2024-04-29T11:46:20Z,FALSE
1562,876b0b3d75ae1e031d4b2fbf29ce3bf1,2ab40487ed2b6d4eeaa5af18517d9533,2024-03-17T22:49:36Z,TRUE
1563,0ae19052dbe3bb8e94b7390780a1a50f,null,2024-07-29T14:46:29Z,FALSE
1564,1283879843b68e0490c653f0dbeb58e0,e969d3e6537b86c877ca27302a2d89bc,2024-06-30T17:28:35Z,TRUE
1565,a19dd8a581a946b7ffd1145bd9a90836,null,2024-06-23T21:46:24Z,FALSE
1566,1283879843b68e0490c653f0dbeb58e0,null,2024-07-26T08:21:08Z,FALSE
1567,05cc8c41b49ee9cbe81f03363bb45c77,null,2024-06-30T01:09:26Z,FALSE
1568,e3f5e0fdcf431bccdaf63f187b161478,b11d7f5094c50c89f1ba4989d5f836a0,2024-04-17T08:46:41Z,TRUE
1569,04295ba1b5050ae7b18efe4c45eb6c5d,9a406059be369095debaf7402117f408,2024-03-23T19:31:18Z,TRUE
1570,d7309de89d5050813338bcb64b6d0eb4,null,2024-07-30T04:32:12Z,FALSE
1571,7a191645325b5b68a26b14f412b80eea,null,2024-07-29T04:57:20Z,FALSE
1572,1283879843b68e0490c653f0dbeb58e0,null,2024-05-16T18:21:13Z,FALSE
1573,6c89eccb44257244a93c53d7ba70d56f,null,2024-08-10T16:13:10Z,FALSE
1574,d35841fcaa52193c5339c48bd3661e00,null,2024-04-24T17:38:37Z,FALSE
1575,0ae19052dbe3bb8e94b7390780a1a50f,null,2024-06-20T21:54:13Z,FALSE
1576,0ae19052dbe3bb8e94b7390780a1a50f,null,2024-06-09T06:44:25Z,FALSE
1577,1283879843b68e0490c653f0dbeb58e0,null,2024-04-25T12:41:49Z,FALSE
1578,3cb1eeee35daf33d7c2bf00629745cb9,null,2024-05-31T23:28:24Z,FALSE
1579,61d33d0149c005a8cd1985fe15002f1c,null,2024-08-13T01:11:01Z,FALSE
1580,1283879843b68e0490c653f0dbeb58e0,null,2024-03-13T18:53:09Z,FALSE
1581,1283879843b68e0490c653f0dbeb58e0,null,2024-07-08T08:58:47Z,FALSE
1582,cb39ef2361d316ae922f5129755383a8,null,2024-04-26T22:11:15Z,FALSE
1583,c25c36afeb67d675b17c6ee111ea2ba2,null,2024-03-26T18:10:22Z,FALSE
1584,8eed7884ec1a03df8d87473971d4cbf8,d48ede59fc0ee666c879928e5ee43bd6,2024-03-28T05:38:34Z,TRUE
1585,c11c2a956fcb1e639bc833a8102ac81a,null,2024-07-27T21:56:23Z,FALSE
1586,a19dd8a581a946b7ffd1145bd9a90836,null,2024-05-20T08:32:55Z,FALSE
1587,e846087c2feaf19c241fdd32a398d988,null,2024-06-09T06:33:26Z,FALSE
1588,a19dd8a581a946b7ffd1145bd9a90836,null,2024-06-29T22:43:00Z,FALSE
1589,a5e9b9a5767f7236fa38a4744e582d31,null,2024-04-20T03:37:11Z,FALSE
1590,0ae19052dbe3bb8e94b7390780a1a50f,null,2024-08-04T21:51:28Z,FALSE
1591,56fb3cce119d8dbd8f95a841bf2f2e5d,5cd90657683f686f0f619610998090b9,2024-07-19T22:11:54Z,TRUE
1592,1283879843b68e0490c653f0dbeb58e0,null,2024-03-18T15:28:15Z,FALSE
1593,073fdbc80ff90f9b8af8cb0812cf692e,null,2024-03-07T07:18:07Z,FALSE
1594,795bebe7474add3d585097774920f5a6,null,2024-06-10T02:49:01Z,FALSE
1595,8cd093204fc200373b3d481ea99d0875,null,2024-08-04T15:00:45Z,FALSE
1596,8d7b2839c5d68143b3fa83a2234083be,null,2024-06-25T06:39:19Z,FALSE
1597,0ed8198e72969702ea1cd95a82cb87bf,null,2024-07-28T02:55:01Z,FALSE
1598,f57e4449888b436c1366456eb6227fe7,null,2024-07-30T05:48:43Z,FALSE
1599,31d3f84abc744356cee4392d6f5dabb4,null,2024-04-02T16:50:12Z,FALSE
1600,c6656c5c577abccd07e2ec0af8987462,null,2024-05-23T02:23:51Z,FALSE
1601,d2bff9794360a41c66fbeb72a7d54687,5af4351a8fa1a3f1e8c89cb9b64196b3,2024-05-28T12:29:59Z,TRUE
1602,548a2f6e18e5dd92bda07ec0a29d5113,9f87df65d682eb0f383d227a40dfdec3,2024-07-12T11:11:33Z,TRUE
1603,122248b49f1f66e4ba1a5b388a27f1f1,null,2024-07-24T16:14:42Z,FALSE
1604,8f7d531baf664d15b1ac38db0af97f55,null,2024-07-15T09:25:32Z,FALSE
1605,f4c14b16b8f7ae6cf2ac209077d5c0ca,8883e00db5b9503e9b9bfcfc7d998d7f,2024-06-23T11:04:59Z,TRUE
1606,a19dd8a581a946b7ffd1145bd9a90836,null,2024-08-12T22:15:32Z,FALSE
1607,9feb3f0dd5a836f66507dcf15a48e933,null,2024-03-05T05:09:32Z,FALSE
1608,8bc10b060c86d673e1807b1555ca5d2d,null,2024-07-14T11:15:38Z,FALSE
1609,4da933fa8425e2f4d6751fb6c9d1db37,null,2024-03-12T09:28:00Z,FALSE
1610,da3f40480975c9fdded7179fa91a020b,be27a42a0e53d2a4fa3818919b50d36a,2024-03-23T21:39:07Z,TRUE
1611,da3f40480975c9fdded7179fa91a020b,0114905c18b15ac65578506ee06e3a0d,2024-03-19T15:19:08Z,TRUE
1612,1283879843b68e0490c653f0dbeb58e0,null,2024-05-28T19:47:22Z,FALSE
1613,fcc3b6df1ba080a2aabaefbf89d41098,null,2024-04-20T17:30:29Z,FALSE
1614,8dcade5fe648eaf18c55782c698faf66,null,2024-05-11T09:27:55Z,FALSE
1615,8f44a9003c68034922e99107e6178472,9dc98895f150b9622feb0a8bd9d71d9e,2024-05-01T19:13:48Z,TRUE
1616,b6dc534868e2badfa4d87b8cc620b423,null,2024-05-07T03:07:32Z,FALSE
1617,84f1b83e2b8b3847b74cd7eca35fd3af,null,2024-07-18T09:41:14Z,FALSE
1618,7b694d94b80d084132394faf9115fbbb,null,2024-03-02T02:19:22Z,FALSE
1619,d52926781e5705e21d08286485b96db7,null,2024-06-01T04:09:51Z,FALSE
1620,f14eabf05a20cf77525978c510ec98d7,null,2024-04-19T04:02:09Z,FALSE
1621,1283879843b68e0490c653f0dbeb58e0,null,2024-06-11T15:21:27Z,FALSE
1622,0103fd1b7644eca37dbe43feb0736ccc,null,2024-08-08T14:04:12Z,FALSE
1623,5f6ceec99f451bec417b889a5d6c311a,null,2024-06-12T11:26:17Z,FALSE
1624,ff31a16b22e7879b4e1f908c7baebeae,null,2024-03-17T18:50:46Z,FALSE
1625,f061546172f7ee053ca69e40a2a49ddf,04a78f312f7a4cb929514e4c190f45c6,2024-05-22T06:21:39Z,TRUE
1626,0ae19052dbe3bb8e94b7390780a1a50f,null,2024-08-23T01:43:27Z,FALSE
1627,da3f40480975c9fdded7179fa91a020b,89bb5a85f7b3f978e656ced12db6ccc9,2024-06-16T17:01:31Z,TRUE
1628,c52e9a7cb6bc17405bf6ae21e24c2cb9,null,2024-07-04T05:13:56Z,FALSE
1629,868081fe9d1a0486accf4bba6a3b80e4,null,2024-03-27T02:49:32Z,FALSE
1630,1283879843b68e0490c653f0dbeb58e0,null,2024-08-10T09:13:14Z,FALSE
1631,0ae19052dbe3bb8e94b7390780a1a50f,null,2024-07-27T23:29:39Z,FALSE
1632,1283879843b68e0490c653f0dbeb58e0,null,2024-05-27T11:01:54Z,FALSE
1633,6f0a50f11b9ad2012bc8a97c97542a5b,null,2024-06-06T16:06:27Z,FALSE
1634,c789cc19f3c89ee8a1236f9cd4dac711,null,2024-04-23T10:13:56Z,FALSE
1635,da3f40480975c9fdded7179fa91a020b,null,2024-03-02T17:52:22Z,FALSE
1636,43f408748cdbb6cab044ceefc2dba312,null,2024-08-03T02:24:27Z,FALSE
1637,32286fd3667b36898cff001b74bbeaaf,null,2024-05-19T22:15:37Z,FALSE
1638,46277f9390f290c92ebeb028a7bd76cf,null,2024-03-11T21:35:52Z,FALSE
1639,3247ebdeec74da15da7dc6fca3f0be84,d2641f064e9e0c43047bd5023ead5ff2,2024-08-19T05:55:48Z,TRUE
1640,bf77b7fd60a58a9cddaf228c78bb95b8,null,2024-06-21T22:25:35Z,FALSE
1641,1283879843b68e0490c653f0dbeb58e0,null,2024-03-13T09:52:52Z,FALSE
1642,204a00ce499a77809eaf51f8814f9c05,null,2024-07-10T10:19:04Z,FALSE
1643,da3f40480975c9fdded7179fa91a020b,null,2024-04-07T12:35:16Z,FALSE
1644,1fe386f6de93158e09f24ad369e50134,null,2024-08-13T13:46:48Z,FALSE
1645,1283879843b68e0490c653f0dbeb58e0,null,2024-04-23T19:24:04Z,FALSE
1646,6a0570a1375f8ba2836488f4efe6b098,null,2024-06-18T22:01:45Z,FALSE
1647,dd431ce8f70857e002a50f373803d13e,null,2024-08-27T17:44:18Z,FALSE
1648,13c082ce7de528fbdf908a1912ea688b,null,2024-04-16T13:56:12Z,FALSE
1649,a0260c6cf67f44d7508864b7ae6a9e18,66860031629b49f481b71f695ba7ab37,2024-06-14T23:37:41Z,TRUE
1650,cded7379c01b33afaf632170676faa03,null,2024-06-23T18:22:41Z,FALSE
1651,6d931ac9e64ead5001a4429d880604f8,null,2024-07-12T14:28:24Z,FALSE
1652,80e2fed559ac7f9981c9b86003b94acf,null,2024-07-06T03:03:25Z,FALSE
1653,d667b32d0271d68359451563ae051b84,null,2024-07-10T05:31:01Z,FALSE
1654,39b96badd73a3b55088d04ca341f71a4,null,2024-07-12T22:46:01Z,FALSE
1655,0ae19052dbe3bb8e94b7390780a1a50f,null,2024-08-22T12:45:21Z,FALSE
1656,955560c1e2d0ab5cbec06956bde3d200,null,2024-05-08T16:22:28Z,FALSE
1657,0ae19052dbe3bb8e94b7390780a1a50f,null,2024-03-30T12:58:06Z,FALSE
1658,a19dd8a581a946b7ffd1145bd9a90836,null,2024-08-13T11:48:32Z,FALSE
1659,8dba94f05c0d83ae4a8f31d53985783f,null,2024-07-23T11:06:17Z,FALSE
1660,6b8333d97d0a1001b5d22044361eb8bf,null,2024-03-23T03:00:52Z,FALSE
1661,273709e2909aa1fa5187bd3863f18243,b5c8583debdc18264745258778827d5c,2024-05-16T21:08:25Z,TRUE
1662,72497186ed5d404991aa1db06d552188,null,2024-08-25T12:53:23Z,FALSE
1663,bf3180e094c5d994f3e35f440d68d1da,null,2024-05-03T03:51:44Z,FALSE
1664,b93818a1a3662a891f2797286145295c,bff09cefba9995939a020b8536a2fb7d,2024-08-02T16:25:02Z,TRUE
1665,35be019b80f5680a594ca68b7f23a4f9,null,2024-04-17T22:48:57Z,FALSE
1666,1283879843b68e0490c653f0dbeb58e0,null,2024-08-08T00:05:02Z,FALSE
1667,63e4107b864969852f867cec3b9cafc8,null,2024-06-19T00:39:55Z,FALSE
1668,1cad1b4bf545e24024346a84344a5f82,null,2024-05-29T23:37:34Z,FALSE
1669,0ae19052dbe3bb8e94b7390780a1a50f,null,2024-03-15T12:09:05Z,FALSE
1670,5486f2c6db09998a6434838ff417f02b,null,2024-07-06T16:31:30Z,FALSE
1671,05afdf59d333eeff96e02e14badf2b3a,null,2024-05-10T20:04:38Z,FALSE
1672,d457f33aad934c45f3f25c6b11d191dd,null,2024-05-19T23:35:07Z,FALSE
1673,34a7a824068b32832469faedebdf1288,6e548489c5b1a71dfe4c154ab5f500de,2024-03-28T05:00:07Z,TRUE
1674,39b4db3e3deef95ff9cc1824ee49da1d,null,2024-04-09T01:58:52Z,FALSE
1675,08cbf3d92cd9bd413cdc937d3e39774b,null,2024-05-07T15:59:30Z,FALSE
1676,fcc3b6df1ba080a2aabaefbf89d41098,null,2024-04-16T11:26:57Z,FALSE
1677,3fc3586d955a19357c95bd66fe69c3c1,null,2024-06-02T09:52:54Z,FALSE
1678,7f1695cc47d0f769087bdfbbc050bcb1,d0c6b65344a9a9ec9046dfd33f91ee42,2024-06-12T01:24:47Z,TRUE
1679,1283879843b68e0490c653f0dbeb58e0,616a3f44770b79ebda0b1c398925114f,2024-04-17T02:59:32Z,TRUE
1680,cded7379c01b33afaf632170676faa03,null,2024-03-31T22:47:54Z,FALSE
1681,a5e9b9a5767f7236fa38a4744e582d31,null,2024-06-01T16:41:26Z,FALSE
1682,a19dd8a581a946b7ffd1145bd9a90836,82b6cca2ce71f2a9920f10dce2dd185f,2024-06-14T05:37:47Z,TRUE
1683,96e6174ce4cc62b13b14ce3d37ff91aa,null,2024-08-03T13:46:43Z,FALSE
1684,35021b13387724fa6bccf5e2d68ff0d2,null,2024-03-29T12:38:40Z,FALSE
1685,c8a5f0f855741b86a142704f0115561b,null,2024-06-26T16:01:30Z,FALSE
1686,1a044cf92d511e71915c762c88eb07f2,null,2024-06-06T16:09:09Z,FALSE
1687,0ae19052dbe3bb8e94b7390780a1a50f,null,2024-04-29T03:05:10Z,FALSE
1688,0ae19052dbe3bb8e94b7390780a1a50f,null,2024-03-22T14:21:01Z,FALSE
1689,9a01bba3671e7f3cd6bac80232f49330,null,2024-04-05T08:44:38Z,FALSE
1690,1ac3bb56b06bd524b5d0c22ed85259a7,null,2024-08-16T03:24:29Z,FALSE
1691,7d54fde29f925bcfd7fd54d77bfc790e,null,2024-05-13T11:46:51Z,FALSE
1692,5011eeb1531a947a6d59f7f7f30da4f7,null,2024-04-24T11:30:22Z,FALSE
1693,9f29debcef75eb948c0ed75450023fe9,87c243cb6a194721e542c55b54f49eb8,2024-06-04T03:35:55Z,TRUE
1694,af1c87c03052429d35413800850e0d55,29c687394448e84f5468258e0d5cb740,2024-06-15T13:32:40Z,TRUE
1695,0ae19052dbe3bb8e94b7390780a1a50f,620de35c5220d9f716c6f1a0707eefda,2024-06-07T18:48:54Z,TRUE
1696,f09cc304721d14ba1433c36efb2da906,9a572e4c1446a8d1b7af28dfb47601e1,2024-04-30T19:21:14Z,TRUE
1697,26aca057742e2ac49dde7a3a3c7d24ed,null,2024-06-03T05:00:35Z,FALSE
1698,de712c48ab01a57e6cbf8ddf067c4464,null,2024-05-29T00:15:46Z,FALSE
1699,c4824fa2f4ee72494c6bcb1d9cee1d64,null,2024-04-21T17:17:18Z,FALSE
1700,a19dd8a581a946b7ffd1145bd9a90836,null,2024-03-20T13:04:37Z,FALSE
1701,0b1db3d8bddb82471b755bf8d7b2f888,null,2024-05-21T12:50:12Z,FALSE
1702,657b989d03532d562858f12d4265f66a,null,2024-07-28T14:03:43Z,FALSE
1703,3c4d9cfdec93f1d6c17b2c086fbbbefa,9e6ef693509cb790e60651770e91b1ba,2024-06-29T10:53:10Z,TRUE
1704,184ebf2dc4c6e411cf1d91c16464ca60,78d8b0aeb4c91035046ae51624e32a50,2024-08-23T02:51:38Z,TRUE
1705,51f560d7c8ea826a918d101c8e314a1a,null,2024-05-03T18:12:45Z,FALSE
1706,8d01bb1f0363f81ce5b394c7647db225,null,2024-07-07T15:01:08Z,FALSE
1707,4131fc29a7dc7eabb0bf2445a50566fb,9c5497a141b360c7005aa2103458bb9d,2024-04-28T17:36:14Z,TRUE
1708,0cd06ebffeeb43a6de475a152ddecaec,7f624fd47ba0616478aabdbb4226f27a,2024-06-30T18:42:34Z,TRUE
1709,58b54635bde68fd36e162e581453f830,null,2024-05-27T22:33:40Z,FALSE
1710,72e5357eb47b5a960be80413816ddfaf,null,2024-08-05T21:49:14Z,FALSE
1711,187a8eb16e0093daafa883cb76df2a69,null,2024-04-16T11:27:33Z,FALSE
1712,7e25c61197f273845ccfc0391ecb5515,2b05bf4d1c085a28ec483653ae6af182,2024-06-16T03:53:16Z,TRUE
1713,4d32888cb620b6c73ee1937e34491a52,null,2024-03-13T21:06:20Z,FALSE
1714,873bcede477a52e12035ac3915a63333,null,2024-03-28T01:30:11Z,FALSE
1715,1fe386f6de93158e09f24ad369e50134,null,2024-04-23T07:19:05Z,FALSE
1716,8704d5d8d2da56b5fbc071ca08202ccc,0727223020d458f57a3dc3d1811f984d,2024-03-30T06:57:14Z,TRUE
1717,d920cc9b6d243fbb109a9c65f8a104a9,null,2024-03-01T06:26:22Z,FALSE
1718,0ae19052dbe3bb8e94b7390780a1a50f,755832a2255017a1215895ff81736ba3,2024-07-09T17:53:19Z,TRUE
1719,bd5a936e2e16bf22bdd1e65c065d58d7,null,2024-03-13T01:25:46Z,FALSE
1720,b4aa035a0dbbac19b1b63eb880ebdfd7,null,2024-05-07T20:54:58Z,FALSE
1721,f6bae48dc3046b3174c5290a16d23119,null,2024-06-28T01:12:48Z,FALSE
1722,a3806eb8113802cb4b21664379fa1de0,7496476160855233b2a4ba884f12d6bc,2024-07-19T09:50:52Z,TRUE
1723,49bb57a82397ac7d0b5131bb5e423636,null,2024-05-17T02:10:36Z,FALSE
1724,808a14e5ecaf7816846540b9d54b7316,null,2024-04-07T00:55:45Z,FALSE
1725,a19dd8a581a946b7ffd1145bd9a90836,null,2024-03-21T19:35:52Z,FALSE
1726,1283879843b68e0490c653f0dbeb58e0,837abf541fc1d1e3e6bd15cd6c19484d,2024-06-27T06:37:36Z,TRUE
1727,da3f40480975c9fdded7179fa91a020b,null,2024-03-05T09:22:15Z,FALSE
1728,674b73bb651859117d6fd7964905dfd2,null,2024-03-24T23:41:54Z,FALSE
1729,6b5e2dd95461a1ea5548d0c89f5e8507,null,2024-07-15T07:59:51Z,FALSE
1730,7281ea252c5980a7c3b35212c434efef,null,2024-07-29T15:53:27Z,FALSE
1731,d8cbc78c608576ac0a441d87bfdd74a3,null,2024-08-11T20:24:31Z,FALSE
1732,1283879843b68e0490c653f0dbeb58e0,null,2024-07-21T09:29:41Z,FALSE
1733,544af2f65b6627c5a789e8432938a986,null,2024-08-06T14:10:48Z,FALSE
1734,cb8c98b23dd816f856a02747063b6d65,5b155e2ff3bca2dc85809a85d2934322,2024-08-30T05:17:15Z,TRUE
1735,55ea77e7f0807a43b6311e8d0ffef852,7edd3ab07d114dd9cf382eca7b963289,2024-04-24T08:59:23Z,TRUE
1736,4abd3305bbf06ab08e15bc39731c14d2,null,2024-06-16T23:24:10Z,FALSE
1737,d91df4ceb61c27adc236d699d0d81d8b,2366e611385633190863409a68533e07,2024-03-29T03:22:24Z,TRUE
1738,a6cb5587286a86ab9414731bdb034d51,null,2024-04-19T06:35:26Z,FALSE
1739,a19dd8a581a946b7ffd1145bd9a90836,6cdaf26acde5ece91d188cbe0fe62988,2024-07-22T14:59:16Z,TRUE
1740,63e4107b864969852f867cec3b9cafc8,null,2024-07-05T02:25:51Z,FALSE
1741,1283879843b68e0490c653f0dbeb58e0,null,2024-04-05T12:27:26Z,FALSE
1742,072b5713dfecba0ce0ed67702f532d52,b911d68a9aef3146e8eb793625be187b,2024-05-17T17:54:10Z,TRUE
1743,804ddb3a4735187887f0d09a51a28217,null,2024-04-30T16:49:27Z,FALSE
1744,6f6ca1990d14a4daa7e272ee9d9458af,null,2024-05-21T00:27:23Z,FALSE
1745,fdffaf79fb3d8f9120cd17140d91238e,null,2024-08-11T15:05:33Z,FALSE
1746,b282e8f5135a3a6a81946dc1beb47a32,null,2024-05-26T16:49:25Z,FALSE
1747,1283879843b68e0490c653f0dbeb58e0,null,2024-04-15T18:55:09Z,FALSE
1748,2dbf07ac36cf911d7d27f7feb1db45cc,null,2024-05-26T13:01:25Z,FALSE
1749,0ae19052dbe3bb8e94b7390780a1a50f,null,2024-07-21T22:54:06Z,FALSE
1750,08af9abf249a70a691a8f039f976a6b3,null,2024-08-29T14:34:32Z,FALSE
1751,bb6de70d44bab11c52221159008d193a,null,2024-05-28T21:54:22Z,FALSE
1752,259d78c9354181869a0a37efc2e14bfa,null,2024-06-02T22:17:15Z,FALSE
1753,82c9052735dc243316e49f539012584b,null,2024-06-01T19:04:59Z,FALSE
1754,b646524f281952c009661097e9b8d537,null,2024-04-28T02:05:49Z,FALSE
1755,0fe4f5f361ed096cf1efca3e238ad0a5,null,2024-08-01T05:18:56Z,FALSE
1756,dd1319071aaf86fe0bbea6ee399dae05,null,2024-05-03T01:34:42Z,FALSE
1757,b370816a1b862fc7b6b6814f8eba93d9,null,2024-07-07T19:33:53Z,FALSE
1758,0ea25ade62cc42e9347f488019f20585,4e2ab601e01c6621eec38e7892429fa1,2024-03-18T22:38:04Z,TRUE
1759,da3f40480975c9fdded7179fa91a020b,null,2024-04-14T20:58:17Z,FALSE
1760,67f77aa8f22da287db0a5aca33e4f421,e473f8fb471e2afd9ce48165009cfe04,2024-07-26T09:56:04Z,TRUE
1761,981d70b389c9861e92dcea57f8c3fee3,null,2024-08-14T22:11:18Z,FALSE
1762,e2be20e7ab0915f04833c9059e37a1cd,null,2024-08-13T17:09:27Z,FALSE
1763,bc5cabe6575d5ea2cb6baa97b629138c,null,2024-06-10T17:48:30Z,FALSE
1764,a19dd8a581a946b7ffd1145bd9a90836,8c3062c49e3c1ef2b854c549e6bd562e,2024-08-29T05:34:29Z,TRUE
1765,a19dd8a581a946b7ffd1145bd9a90836,null,2024-04-01T01:52:51Z,FALSE
1766,ade76242e3a54fced3ed6d5f417980ac,null,2024-08-09T19:44:52Z,FALSE
1767,8561cfcbdd77655a648ce87245953c8a,null,2024-05-17T22:03:23Z,FALSE
1768,4c3b0011204e44c63013b10985cd5e29,9661f0932065b8590465e29d2111e989,2024-05-03T19:38:08Z,TRUE
1769,baf52157a53675f631477c770d1db6be,null,2024-04-06T00:29:52Z,FALSE
1770,5b5d2b13df5a337ae5e2b74a1a2f846b,f3e5c6cae790dfe2e292ad87b2087d3d,2024-06-02T05:48:25Z,TRUE
1771,8cd093204fc200373b3d481ea99d0875,33149148bfdb61384eaf6a10f784aef6,2024-03-13T19:13:48Z,TRUE
1772,a19dd8a581a946b7ffd1145bd9a90836,null,2024-08-01T16:47:48Z,FALSE
1773,f9092cb955d19ac6976ac29d9ba7bcf7,null,2024-05-13T09:14:09Z,FALSE
1774,c48b36a2911c36e06a5b1eef28096ce0,null,2024-04-16T05:56:01Z,FALSE
1775,3673d0ec64eaa271bd655b58edc84115,null,2024-03-21T22:33:30Z,FALSE
1776,226a4322deeccab629624ad788bfc719,null,2024-04-13T13:49:46Z,FALSE
1777,1283879843b68e0490c653f0dbeb58e0,null,2024-05-24T22:00:35Z,FALSE
1778,a19dd8a581a946b7ffd1145bd9a90836,null,2024-03-03T19:03:10Z,FALSE
1779,5e7b6616d4bf78e561b209451e9fb577,null,2024-04-13T11:20:31Z,FALSE
1780,a19dd8a581a946b7ffd1145bd9a90836,null,2024-06-14T18:05:31Z,FALSE
1781,29a00a259ebb087b9026f5c79d6156a9,null,2024-06-03T14:33:13Z,FALSE
1782,0efc816347a44ef647eadad696ee2a8f,null,2024-07-26T17:50:26Z,FALSE
1783,3869dd28a4918cc5f22030f3a2592a6d,fa1fab7c45d4acb62a66f10fe5674639,2024-07-17T10:08:00Z,TRUE
1784,6393cbdde523ecbc9081c42afbfd60ef,null,2024-07-31T13:41:41Z,FALSE
1785,dc8ddb6b8aa8cddb4f25540691bc04b5,08c6a0e7ba75cff08b04c2df02194d9c,2024-05-23T02:07:32Z,TRUE
1786,4300e00577d742cdc50c12fd3c6d3b13,null,2024-04-13T06:03:52Z,FALSE
1787,44406ffb1ad35e29f958072c8a6c0e83,null,2024-07-24T19:30:21Z,FALSE
1788,6934ced8927e4a0e997933995486b8fc,null,2024-05-14T10:50:39Z,FALSE
1789,1283879843b68e0490c653f0dbeb58e0,null,2024-07-18T00:42:10Z,FALSE
1790,a19dd8a581a946b7ffd1145bd9a90836,null,2024-08-27T18:46:05Z,FALSE
1791,1283879843b68e0490c653f0dbeb58e0,null,2024-03-04T02:15:19Z,FALSE
1792,5c736a4b2cddd1ae2af315c894734af2,null,2024-03-19T04:17:24Z,FALSE
1793,da3f40480975c9fdded7179fa91a020b,e92335512fa400db20fb2b215ef86648,2024-07-26T17:19:49Z,TRUE
1794,7dcbf080570e415c37f094c180f630d2,null,2024-08-06T16:10:07Z,FALSE
1795,2661a828e7a4133943b028799e580fdd,null,2024-08-01T00:38:01Z,FALSE
1796,3073ddea1f747f8c9221a3ed65ff076c,null,2024-04-02T06:57:20Z,FALSE
1797,1ffef822ce026f81419b38027f5ed883,7cd831675916cefc7bf9ae4ea9e5cdb0,2024-05-02T22:43:33Z,TRUE
1798,54514a38d0722b6a4ba3e43aae585c33,c2f5ffd82e9401ec432094339af2920e,2024-05-27T05:24:32Z,TRUE
1799,76348389deb30688aaa1b0d7de64cf87,null,2024-03-15T22:22:02Z,FALSE
1800,e43401a931edd8c7f71ade0c82346e96,null,2024-06-07T22:35:25Z,FALSE
1801,453108973d3c82a16bb66b1a97d170cb,null,2024-05-02T02:07:55Z,FALSE
1802,df748bc15d1a8a12f91bf4f8a5912c13,null,2024-08-11T02:59:50Z,FALSE
1803,c15115518383edccc2c9cc3d524c8fa1,null,2024-03-27T03:31:45Z,FALSE
1804,a19dd8a581a946b7ffd1145bd9a90836,null,2024-05-21T04:16:55Z,FALSE
1805,ac986191e754eef2973cbdc1efb8beb0,null,2024-03-03T22:57:54Z,FALSE
1806,af9d6a5ed78f92becbf1760d43228a2b,null,2024-05-06T09:59:34Z,FALSE
1807,f12b4bc7ae51dacad7fec9be04b0fad6,1a2145403084bebf89cfce24c5daa843,2024-03-07T15:02:54Z,TRUE
1808,d758d0e29191e1e795203509d84ab93d,cb0ca5e27ccc984de3ddafe629b9c82c,2024-06-06T18:40:06Z,TRUE
1809,0a176e2eed62c968b106b7b856b0199f,932e95ba0b010e6204072342d8cfc29f,2024-05-05T03:04:38Z,TRUE
1810,0ae19052dbe3bb8e94b7390780a1a50f,null,2024-08-18T16:37:05Z,FALSE
1811,1283879843b68e0490c653f0dbeb58e0,null,2024-04-25T05:08:47Z,FALSE
1812,885d60e6693b55b2c504a7a5017f6b7a,null,2024-06-28T15:06:32Z,FALSE
1813,a19dd8a581a946b7ffd1145bd9a90836,null,2024-03-09T19:50:58Z,FALSE
1814,f8c5dea48c6a4d60fafacfcba8d6336b,null,2024-03-13T11:53:48Z,FALSE
1815,cfd7188844f359b05fe3999dec6ca407,null,2024-04-06T03:39:01Z,FALSE
1816,25cf2bccb997fc9af52c5d2fc6d678a9,null,2024-03-02T02:56:51Z,FALSE
1817,6ccd3c424919617d341da1d033d9f06e,null,2024-07-17T07:31:17Z,FALSE
1818,7fc98ecaaa916f360a2b3d05caaae756,null,2024-06-29T15:31:19Z,FALSE
1819,57c4a75cfdc15fd1cbc830d9f244eddd,null,2024-08-27T07:36:52Z,FALSE
1820,9a461d625077d0531ccefb968e7359d5,null,2024-04-05T10:16:19Z,FALSE
1821,5136c6ea44be101fa1abece3a28655bc,null,2024-05-14T21:09:43Z,FALSE
1822,a19dd8a581a946b7ffd1145bd9a90836,fd647dbda7b46bfd14ed093f9dd608cb,2024-07-02T20:19:34Z,TRUE
1823,a19dd8a581a946b7ffd1145bd9a90836,null,2024-03-23T19:32:17Z,FALSE
1824,e8a0e438e3b1c0685bdf5c1b8aa9f626,null,2024-03-25T20:26:07Z,FALSE
1825,0ae19052dbe3bb8e94b7390780a1a50f,null,2024-06-01T20:52:55Z,FALSE
1826,7a191645325b5b68a26b14f412b80eea,824ef8210d2e68815ec82d2ecda4f578,2024-05-28T09:28:31Z,TRUE
1827,da3f40480975c9fdded7179fa91a020b,null,2024-07-13T08:30:03Z,FALSE
1828,469c8ef22dcc715ba84d20784ed61049,bbedb34cf5407845abdf3134e779a18b,2024-06-04T02:11:42Z,TRUE
1829,0f669de730d6c951814dda90abb4c6ac,null,2024-06-02T15:19:56Z,FALSE
1830,da3f40480975c9fdded7179fa91a020b,829fa2f61036373d8ee417ec83ce8dc3,2024-05-15T16:54:10Z,TRUE
1831,0d76a1047d9b5783c4ad4b24acdcd232,a76e47fdf1a3a3a1171386f6ed316983,2024-05-05T09:19:26Z,TRUE
1832,a19dd8a581a946b7ffd1145bd9a90836,null,2024-07-06T07:13:01Z,FALSE
1833,a19dd8a581a946b7ffd1145bd9a90836,null,2024-05-23T10:52:40Z,FALSE
1834,1283879843b68e0490c653f0dbeb58e0,53052c66ca2d0b6fd4bd25b2844e3552,2024-03-17T05:30:33Z,TRUE
1835,16ce66bc2c1ae1201d705248a827395e,15e7e6a05ee2470512c1d53de87e06b1,2024-06-12T09:41:13Z,TRUE
1836,b0b3751ed6a26ac8c9feb5ce75d53ee7,null,2024-06-05T12:49:45Z,FALSE
1837,d5af41e2ceb92a2f5fa20e40db564380,d652d10e6f4829fe4aca442e866a1508,2024-06-01T07:48:00Z,TRUE
1838,bd034f8ded2c13bb39cdbe9a6e50798e,null,2024-04-20T04:39:06Z,FALSE
1839,1283879843b68e0490c653f0dbeb58e0,null,2024-05-01T20:13:02Z,FALSE
1840,da3f40480975c9fdded7179fa91a020b,null,2024-04-14T12:10:48Z,FALSE
1841,0ec1ceed8d5510fc7b76358f72d9b4bc,null,2024-08-05T01:47:23Z,FALSE
1842,dccec765f18bf1515c2be10023f23f7e,null,2024-07-03T01:32:53Z,FALSE
1843,661ac96fa86d4a2445d58b877ba70a1c,null,2024-04-04T00:36:44Z,FALSE
1844,6bcf350fed2416765e77fc6c1a495092,null,2024-04-11T08:50:26Z,FALSE
1845,a427f7366644d82c589426b9ed9ab3b6,6fc12edc03d417bd85abbdb6c6bf891d,2024-03-19T12:48:44Z,TRUE
1846,a214db405aa673aa576036aab0c84f58,null,2024-06-02T12:39:24Z,FALSE
1847,96500fcb20ef0f4f0dbd26e54aff81d7,null,2024-03-06T14:13:39Z,FALSE
1848,700f3966aab9fe158bdd20b5babc370a,72cd5abbe446cd9d0727232751276232,2024-03-22T14:22:56Z,TRUE
1849,536e7776e1d7212a46998c3b3c3009ee,null,2024-07-07T02:56:42Z,FALSE
1850,0ae19052dbe3bb8e94b7390780a1a50f,null,2024-05-08T23:27:20Z,FALSE
1851,6742741724f24d4ab1d4985ff7ea6831,null,2024-05-29T01:19:02Z,FALSE
1852,306b137b53b4a98a64e54c836ab1dc5a,null,2024-07-19T00:54:04Z,FALSE
1853,da3f40480975c9fdded7179fa91a020b,null,2024-04-25T13:48:46Z,FALSE
1854,36fe7f6a9fa4bd880e503c202bc21f2b,2c225e0d2688a63f974a72891f8bbb07,2024-03-07T14:48:44Z,TRUE
1855,bfc7dcfdecd70d75d475b86d2d5c729e,74e8c107f629653a424f3fd2a4d71941,2024-06-07T14:47:30Z,TRUE
1856,20604b8d66572b4e5add0d397bec5a1e,null,2024-04-01T07:47:05Z,FALSE
1857,a0250ac7f1259e1feb651439324ab99e,null,2024-08-08T00:01:40Z,FALSE
1858,056b2a13079a3f28f17b15326c76b187,null,2024-03-26T20:21:21Z,FALSE
1859,8cead0cd0c5958b98697f645436549bf,null,2024-03-03T19:06:18Z,FALSE
1860,ff6edbdea0202e7d9dc70913d3765f30,863079862a034623b47f12ac93256160,2024-06-13T17:36:27Z,TRUE
1861,0ae19052dbe3bb8e94b7390780a1a50f,null,2024-05-18T21:12:43Z,FALSE
1862,570eea129ca2c22f9b9c42ac942c045f,null,2024-06-07T19:10:56Z,FALSE
1863,d706773ea4f6e72303e7ebe606236f0c,null,2024-08-17T04:05:26Z,FALSE
1864,1283879843b68e0490c653f0dbeb58e0,null,2024-04-09T19:18:01Z,FALSE
1865,e24995030d4e283a677a2a7c1d23c3be,null,2024-03-12T03:03:39Z,FALSE
1866,a19dd8a581a946b7ffd1145bd9a90836,4d0342ae2f5164642d3cf0350b8019d8,2024-04-16T01:31:28Z,TRUE
1867,6f6ca1990d14a4daa7e272ee9d9458af,null,2024-03-31T04:39:49Z,FALSE
1868,424daf6423451d3625918937a35e31f1,null,2024-03-13T00:34:08Z,FALSE
1869,0ae19052dbe3bb8e94b7390780a1a50f,null,2024-05-16T04:43:52Z,FALSE
1870,cbc9406b6a7d1036f21d22db075b7d10,null,2024-06-04T18:43:51Z,FALSE
1871,0ae19052dbe3bb8e94b7390780a1a50f,b6e9ede595c432064dae56a88d71de4d,2024-07-31T17:02:31Z,TRUE
1872,7ec9145c6dd4c0e4dc632d25f7c285f3,null,2024-06-08T07:19:10Z,FALSE
1873,0e7c64655e3ef60a9bd1a032742e3171,null,2024-03-03T17:26:14Z,FALSE
1874,5f8f4ef959a79309e3ddaa2de332546b,9ca71cdc7637cd83626fa442e88f801b,2024-05-23T03:08:15Z,TRUE
1875,8e7a9ed9c817c05ce9a95454843fa0fe,null,2024-03-27T22:51:58Z,FALSE
1876,4ed714a01877ab5677d5a0179ca4c81a,null,2024-04-09T18:31:50Z,FALSE
1877,420a090f158559fbb8537b666ff1fa5d,7f07fce19583b1cf5bece566f072cc8e,2024-05-13T02:31:05Z,TRUE
1878,c9aef2b8ed6d1baa882511b82ab899d0,null,2024-05-14T11:38:28Z,FALSE
1879,a19dd8a581a946b7ffd1145bd9a90836,ad33dece77350375e326dba4bbdd52b4,2024-04-25T11:15:39Z,TRUE
1880,732312f0d7a1a5adf067555b471d3020,null,2024-05-24T11:36:04Z,FALSE
1881,5f66c9e2b07c6da080e17b9f9398e38f,null,2024-05-24T07:01:17Z,FALSE
1882,df35e7797a8de4bc92938213f0ae0df3,d458d55c67be7d94e05fe677c2f0e016,2024-04-04T10:15:18Z,TRUE
1883,fc51408c6dd2971d76fee8ba8b20a55b,null,2024-08-26T04:19:52Z,FALSE
1884,ebed11e8ce99d0bfd465a1b8f0dd3e01,null,2024-03-09T05:33:27Z,FALSE
1885,9848282445552b8bb91e9a7750c4b5bc,null,2024-06-22T06:14:59Z,FALSE
1886,1283879843b68e0490c653f0dbeb58e0,null,2024-07-12T02:05:19Z,FALSE
1887,97cf227d6f0f456c1ce9288bdb5116d3,57cf68eb265a91513562cb2ed75a93bf,2024-08-03T20:01:11Z,TRUE
1888,0202d6cd8f148c573c2fe3f47e3cacc0,null,2024-06-14T21:38:34Z,FALSE
1889,fe6f2d428402404455503ba3e35a4971,null,2024-07-04T01:56:59Z,FALSE
1890,3b689f5f52f3b70796a5e08a6309289c,null,2024-07-01T01:21:55Z,FALSE
1891,e23a0475559f4fb66fc570ba2ed21530,null,2024-05-18T15:07:18Z,FALSE
1892,7b5fbc25eb147c926214adced08c1053,1f6fde22cd0a68e4d5058e7310488188,2024-06-04T09:43:12Z,TRUE
1893,b5ed38c9e970217d37b8926360fd80d4,null,2024-08-23T20:24:01Z,FALSE
1894,aec9e4ed1d1b5e445c7cf09d530193b6,null,2024-05-15T09:01:56Z,FALSE
1895,e29c231a1c3cfeab65d5bbd87fb99db3,null,2024-07-07T02:35:26Z,FALSE
1896,55508577a67eaa8ec559c505986a78cc,43d6ef0df7b2cbba7604783aecb0ed82,2024-04-09T06:02:53Z,TRUE
1897,558345281dfef73c70e1bfaa3e929fb0,null,2024-06-11T08:22:01Z,FALSE
1898,1283879843b68e0490c653f0dbeb58e0,829bdcd9cdca6edc3f56f273255a138e,2024-06-07T02:23:47Z,TRUE
1899,925857d867177ba8f3f8843afdc99366,null,2024-07-19T20:18:14Z,FALSE
1900,1283879843b68e0490c653f0dbeb58e0,null,2024-07-08T20:52:17Z,FALSE
1901,0ae19052dbe3bb8e94b7390780a1a50f,null,2024-03-04T03:54:23Z,FALSE
1902,d73caa2241f87a89884e9151715fbebd,null,2024-03-09T04:26:53Z,FALSE
1903,7e5d459ba477fec70f00e04be124a153,28d3a16757721321571c910696b2c3de,2024-08-03T01:01:49Z,TRUE
1904,cc21194d4b3affbf0cb591be3871faea,b57bbe7fc5158eff6e7d92a82d7b21bf,2024-03-18T21:38:49Z,TRUE
1905,d384b1e9cca623509d34c73e040289ad,fae6af17aae371e57fb460db93fd922d,2024-06-11T04:24:44Z,TRUE
1906,4ec894550c52c492380b4e0be619a30c,null,2024-08-19T18:21:23Z,FALSE
1907,2f5b4ffccdbff6a70ba60092ccd84d96,null,2024-06-03T05:26:01Z,FALSE
1908,c2bdd5ea408995cb052f925062315591,null,2024-08-06T17:29:21Z,FALSE
1909,da3f40480975c9fdded7179fa91a020b,null,2024-03-08T15:48:28Z,FALSE
1910,78efea25b4f302da7c884881cd6a4fe8,null,2024-04-09T23:06:30Z,FALSE
1911,d9ec6bc100ee4d6eb02e54f03b783815,9a6193cbbddf96037f6ff430f0bd1ea5,2024-05-24T19:28:26Z,TRUE
1912,994657972f16f61e84809a620354ee82,null,2024-08-07T01:19:41Z,FALSE
1913,1ae2535194f89e67e5a88af26496ba76,null,2024-05-06T12:31:28Z,FALSE
1914,0ae19052dbe3bb8e94b7390780a1a50f,61aad6a3ad3a8aace37735f7e7fbd1d4,2024-08-02T13:37:33Z,TRUE
1915,5bf155dbd82f78490fb966be3f4952ec,null,2024-07-11T10:32:03Z,FALSE
1916,d2632b3137e726b11ba5b9ed8df4b49e,null,2024-04-07T05:55:29Z,FALSE
1917,9b219da1919df32d3c1f83169679fe64,null,2024-04-10T01:30:13Z,FALSE
1918,0d0ab3400770aabc0fd51b0dcd4b45db,null,2024-08-30T18:00:50Z,FALSE
1919,73352ab028309618a1dcfa6b224b0d98,51d793a6f4fec917df3e5cfe8247a785,2024-08-22T19:36:47Z,TRUE
1920,1283879843b68e0490c653f0dbeb58e0,3dbf1e6fe3fb1d8f7259d750421d9bcf,2024-07-11T08:50:11Z,TRUE
1921,0ae19052dbe3bb8e94b7390780a1a50f,null,2024-04-12T12:42:26Z,FALSE
1922,1283879843b68e0490c653f0dbeb58e0,null,2024-03-05T11:00:36Z,FALSE
1923,f1e169ba3c826aac0b9dded0015b28af,null,2024-03-20T02:30:21Z,FALSE
1924,98af2153c0c3b61fea6baa325fa73ea3,null,2024-07-20T20:34:50Z,FALSE
1925,d1fa1a91f172b4426c195c3037b4eb83,null,2024-06-28T16:25:18Z,FALSE
1926,1283879843b68e0490c653f0dbeb58e0,null,2024-08-15T06:52:11Z,FALSE
1927,aadf159d50385f87f0b2929202e267ac,a73fac1796f25d399f510f305aa268e8,2024-05-21T04:29:46Z,TRUE
1928,6da770d8572f51481bcdc8dd2a6f0b1e,44ad5290750d244f5e39b4f9c70f65ff,2024-08-20T02:12:33Z,TRUE
1929,a19dd8a581a946b7ffd1145bd9a90836,null,2024-06-02T03:00:51Z,FALSE
1930,4f23705b8e5bc3eeec18d43ab9764170,null,2024-03-31T14:55:55Z,FALSE
1931,a13155e3f99df9fb78f15241c7305b79,null,2024-07-17T06:27:12Z,FALSE
1932,9848282445552b8bb91e9a7750c4b5bc,null,2024-04-19T14:53:40Z,FALSE
1933,c6fcd3fd71b12819cb461aa39e930256,b404341c715d939f554c36f8270feb28,2024-04-04T04:14:21Z,TRUE
1934,1283879843b68e0490c653f0dbeb58e0,null,2024-04-23T05:42:32Z,FALSE
1935,1283879843b68e0490c653f0dbeb58e0,null,2024-03-29T07:54:54Z,FALSE
1936,c5807e9f812ad0431aca1f5bbcf92de7,null,2024-04-03T08:44:21Z,FALSE
1937,ec6673fa432b2372e2ae3366a6e1c4e4,null,2024-07-01T10:01:03Z,FALSE
1938,0ae19052dbe3bb8e94b7390780a1a50f,null,2024-07-08T03:40:12Z,FALSE
1939,b7e589af7c7ab2e4274d520face88b43,null,2024-07-15T11:06:02Z,FALSE
1940,9ec643fec9b157bbc22228c7b0e93fc6,null,2024-07-29T06:26:29Z,FALSE
1941,aa0e81880f7fbd9905e781cde8b0f4e5,null,2024-08-15T07:52:14Z,FALSE
1942,4abd3305bbf06ab08e15bc39731c14d2,0249f49ec0441e4b772c5cb9b0899cb7,2024-05-06T01:33:18Z,TRUE
1943,2fbe44ea4a101988a201618356d5f3c1,485676589051c2e6f3648684b61da1c7,2024-08-21T03:58:49Z,TRUE
1944,a19dd8a581a946b7ffd1145bd9a90836,null,2024-06-23T08:18:20Z,FALSE
1945,a19dd8a581a946b7ffd1145bd9a90836,null,2024-06-03T13:32:28Z,FALSE
1946,d1b9321dfcc797f2997040bb2b90c1d5,null,2024-03-26T03:58:32Z,FALSE
1947,30a39b59e170c1595bbb0f3f016317c7,null,2024-07-24T17:11:42Z,FALSE
1948,637cf593ccd99c8c8905c6a56e58d7ab,b30d6993cd8287c5fd9aa00c2c1edd11,2024-04-02T10:34:04Z,TRUE
1949,d384b1e9cca623509d34c73e040289ad,null,2024-06-26T17:03:33Z,FALSE
1950,5e45bc309816fc3f610c099c10db11fc,null,2024-08-30T07:51:30Z,FALSE
1951,4cce60b1129eecb6eaaf6276613d5fbf,1e92382606f7e04c0e471eaf99bf8304,2024-04-18T17:26:06Z,TRUE
1952,0ae19052dbe3bb8e94b7390780a1a50f,c48a35f6ba33f42ef8d3f77f1b9617f2,2024-07-24T10:17:46Z,TRUE
1953,a19dd8a581a946b7ffd1145bd9a90836,null,2024-04-02T22:35:51Z,FALSE
1954,1283879843b68e0490c653f0dbeb58e0,null,2024-07-10T03:27:10Z,FALSE
1955,0ae19052dbe3bb8e94b7390780a1a50f,null,2024-03-07T04:08:47Z,FALSE
1956,afc3f54f82511893dd1aa2946a3b8d1d,324914ed0be65f85038fde80fcf58b94,2024-04-13T23:53:53Z,TRUE
1957,1283879843b68e0490c653f0dbeb58e0,null,2024-06-25T08:05:44Z,FALSE
1958,1283879843b68e0490c653f0dbeb58e0,null,2024-06-17T20:20:56Z,FALSE
1959,883a5ce65f89433f771e3dddbb0038a2,null,2024-03-03T17:23:40Z,FALSE
1960,3f3d3dbb079a9c36748825838c3f3935,null,2024-03-13T11:14:33Z,FALSE
1961,12aa788362a54c6c4c9a2f9e417343b5,null,2024-06-16T18:06:00Z,FALSE
1962,94a4378578b5740ec6f62342ad3e81af,846dca4cd34156e6b94c4b422e7448b2,2024-03-31T19:49:56Z,TRUE
1963,2e0ec9fc43b9efc556ba846cc7e04bd7,0c95e65f3775b02eb1c92841dbd19147,2024-07-30T08:26:17Z,TRUE
1964,302acf2105df07b99328b1286099f04c,dc6492b0fdcc7fa0a6df142890bd5234,2024-06-13T12:25:30Z,TRUE
1965,abfb54a6f840fa49363f32ae434a0e8c,null,2024-03-19T08:44:13Z,FALSE
1966,97015044b0407b1f79c2d368d3feba09,null,2024-08-11T14:21:47Z,FALSE
1967,a19dd8a581a946b7ffd1145bd9a90836,9aca35db565a76350564b14bc0732631,2024-03-22T07:56:47Z,TRUE
1968,47313cfce5f1067db9e507b2a75959e4,null,2024-05-31T05:14:21Z,FALSE
1969,ce84302d9d3a628305d59f18633caa22,null,2024-07-16T07:57:43Z,FALSE
1970,0ae19052dbe3bb8e94b7390780a1a50f,null,2024-03-01T08:44:46Z,FALSE
1971,e911e27f2b16a413c6da94fc4f99c89e,null,2024-06-22T23:47:16Z,FALSE
1972,a85caadc308424c2d8ff3a2d0909e991,null,2024-08-20T17:09:16Z,FALSE
1973,da3f40480975c9fdded7179fa91a020b,null,2024-08-07T01:11:46Z,FALSE
1974,7a672ed1a2d6c7d50aa43a08dc8be8fa,null,2024-07-20T17:06:54Z,FALSE
1975,069e506eed27c9d2b22ceaab91aead86,null,2024-06-09T01:23:55Z,FALSE
1976,a19dd8a581a946b7ffd1145bd9a90836,null,2024-03-22T23:04:11Z,FALSE
1977,ff7e278b261e62544426f8b2e6fea70f,null,2024-08-22T01:27:03Z,FALSE
1978,b8ba5ce22b477ec6cd01c65858ab7054,8563e1202731a37b717b9432e2afd353,2024-04-16T21:55:20Z,TRUE
1979,2171ca7345d01369fb500182d7f4779f,null,2024-08-29T14:43:26Z,FALSE
1980,b7c031e1f28f07e9b1207fd0806ee5ba,null,2024-04-18T17:55:15Z,FALSE
1981,e98b7f2a254018f56ff258b89a82dcce,null,2024-06-30T15:34:00Z,FALSE
1982,147093aeba6af86acebacd887181e594,1f46d7f7a195d68d70a548a696019c00,2024-05-28T00:25:31Z,TRUE
1983,506fb72e69b7af25b07aac81b6c30542,6fe2b5f372b4e3c7f423cf624a5a7ccd,2024-05-07T14:20:39Z,TRUE
1984,4ee283f9a22258c3f638bfd8993d4a7d,null,2024-06-12T08:22:58Z,FALSE
1985,af1c87c03052429d35413800850e0d55,null,2024-08-04T02:55:22Z,FALSE
1986,65946d9da169983a7f05f34b109aebab,null,2024-07-04T22:41:21Z,FALSE
1987,e87439980f63f9215602a42ad716b576,1f2263d7663af591e6891cc80bb14bda,2024-08-10T02:17:12Z,TRUE
1988,ce328aadfcc7cf0e196775228df7f699,c6217a709a13924d5b594d9e137954d2,2024-04-12T03:59:58Z,TRUE
1989,bf3ddfac1ef71b9f73b459aa307f2d3e,49a4c435e37bcc54516f14c25414dc86,2024-03-16T18:15:00Z,TRUE
1990,c51c09d785ede118f07d5112fbf5122d,null,2024-08-30T19:23:18Z,FALSE
1991,6c76167a5271275af404cfe8554bd129,null,2024-06-27T00:06:09Z,FALSE
1992,62d613dc5c61f4ad0385dfbcc7a36c8b,null,2024-03-10T04:22:47Z,FALSE
1993,a19dd8a581a946b7ffd1145bd9a90836,null,2024-07-16T23:35:27Z,FALSE
1994,11ad7e470be6c5ba5122297363b3a357,1c1e0020f7a348799b9121e5d9489b76,2024-03-28T23:35:52Z,TRUE
1995,8690b6a11efbf7866d8fa7eea3558944,null,2024-08-11T22:43:28Z,FALSE
1996,0ae19052dbe3bb8e94b7390780a1a50f,72fc6f8e19034917a2d6685b47180d7c,2024-06-13T15:35:51Z,TRUE
1997,425cf243376ecdf0afcd9ab861459ae2,null,2024-07-21T07:44:26Z,FALSE
1998,1283879843b68e0490c653f0dbeb58e0,null,2024-04-03T13:11:11Z,FALSE
1999,f0f5452a75ba313d4ca3f918216f7ef1,null,2024-08-13T14:34:23Z,FALSE
2000,6f0a155af01296b3a23073b212ea9c12,null,2024-03-29T07:42:55Z,FALSE
2001,9488813d2d022507e7c66b89fae14b23,null,2024-05-03T10:46:13Z,FALSE
2002,a11069007e42c9a2f42361fe011ecebf,null,2024-05-09T06:10:26Z,FALSE
2003,fe69f5d57fa62469ceca444bc11768ba,942044421b9e2441de15774a716351a2,2024-04-22T00:38:32Z,TRUE
2004,8885049d029981dfab5fe2f483afa784,07cb1b62cc49efc2f01474e89a7dd0ac,2024-06-21T15:55:49Z,TRUE
2005,1283879843b68e0490c653f0dbeb58e0,94e95565829a75ec38ce6b4d3076b9ea,2024-06-13T17:10:35Z,TRUE
2006,b610c1989fb825356d1e78ea50439130,null,2024-05-02T16:40:54Z,FALSE
2007,a19dd8a581a946b7ffd1145bd9a90836,null,2024-03-06T19:10:58Z,FALSE
2008,669883997e3ed58b94c409b0d4a5673c,dbf02664008f55783214435d57763b34,2024-08-07T05:35:36Z,TRUE
2009,32b189cc4e1c9bc988b60739117a8e69,null,2024-03-06T21:50:24Z,FALSE
2010,10acb25577990d0e04dd6edc02749d9c,43990effeec62719f37095aa39a834ee,2024-04-10T08:32:56Z,TRUE
2011,07f342889fb9905cbdc4b33a7ec57bd0,null,2024-03-23T23:33:55Z,FALSE
2012,a19dd8a581a946b7ffd1145bd9a90836,null,2024-03-31T08:54:43Z,FALSE
2013,63b5f0237181eb02205a9ed7f8f406c5,null,2024-06-01T06:40:27Z,FALSE
2014,31f35f2f473253f2bbb411de259153e5,null,2024-08-15T07:34:24Z,FALSE
2015,04f9549a44b3be936175fae4810e557e,null,2024-08-18T13:34:21Z,FALSE
2016,a19dd8a581a946b7ffd1145bd9a90836,fcaae9b283c82dde702bba19fbf18986,2024-08-07T06:28:37Z,TRUE
2017,b09a8cbba85d496dfea09a0e497bda75,null,2024-05-24T16:37:03Z,FALSE
2018,0ae19052dbe3bb8e94b7390780a1a50f,null,2024-03-27T04:55:25Z,FALSE
2019,226a4322deeccab629624ad788bfc719,null,2024-07-17T19:51:58Z,FALSE
2020,f6bbe29429ea01572c362c2c46a5e2d1,null,2024-04-03T04:41:24Z,FALSE
2021,da3f40480975c9fdded7179fa91a020b,null,2024-04-27T14:19:14Z,FALSE
2022,f0fdc392299f42ae7f347644b56e1117,null,2024-07-23T06:15:28Z,FALSE
2023,96d4d0e658f2f9d619b7fb2c290876bd,5f52eb4ebb3bec1f79a1dc1fd37cc919,2024-08-20T17:39:58Z,TRUE
2024,d97690c4eea2fe32e08d03c41c51c781,null,2024-06-01T08:34:12Z,FALSE
2025,39b36a8ebc0f8618737952ffacdd0590,null,2024-07-07T07:02:23Z,FALSE
2026,c5ce032831731d1f02e3306bee2cd1d0,null,2024-04-21T04:09:25Z,FALSE
2027,7c4df415a62845f595325d3da31730b1,null,2024-07-12T13:02:33Z,FALSE
2028,f31e14c2052672728d9f29bbc67e53e2,ee7473bee4d98382e2c2e4d53ea95671,2024-05-06T03:45:43Z,TRUE
2029,51a776508ee622a18ea771be8d8bc5d1,null,2024-03-25T12:12:44Z,FALSE
2030,bfec48d43087136ad32dfd1021a56868,null,2024-03-28T04:12:55Z,FALSE
2031,af4696da931c776e5eff81a5fe22aca1,null,2024-04-24T08:10:07Z,FALSE
2032,0ae19052dbe3bb8e94b7390780a1a50f,b3bb55d29b0c54fb4f3dd9038157e023,2024-08-21T21:52:37Z,TRUE
2033,dbe0783ac6f0d8255dc7ab2178ef265d,null,2024-05-08T12:51:32Z,FALSE
2034,ae3eef0de78cc640a5f0b5cc01a702da,null,2024-06-17T10:28:52Z,FALSE
2035,1283879843b68e0490c653f0dbeb58e0,null,2024-05-14T06:16:39Z,FALSE
2036,a19dd8a581a946b7ffd1145bd9a90836,9ae12d2aa273738b32e66fe415385376,2024-08-29T05:22:09Z,TRUE
2037,893fbaf8f2982a6031cad85a8b128990,null,2024-06-14T10:15:54Z,FALSE
2038,da3f40480975c9fdded7179fa91a020b,null,2024-04-08T22:32:09Z,FALSE
2039,a19dd8a581a946b7ffd1145bd9a90836,947dd6a8610264345ccc90dc1373fa93,2024-05-16T19:34:32Z,TRUE
2040,da3f40480975c9fdded7179fa91a020b,null,2024-03-21T13:16:50Z,FALSE
2041,9182dff2a7e609eb184539eb8032d531,11735d9026139482b8a971b4bd281371,2024-04-05T21:03:33Z,TRUE
2042,d2403ee6af012309f7cc76f51b17fdc3,null,2024-08-04T00:03:37Z,FALSE
2043,1283879843b68e0490c653f0dbeb58e0,null,2024-04-23T11:22:01Z,FALSE
2044,e1a294df08f84c707a6a28f93ce0e848,null,2024-06-19T09:41:17Z,FALSE
2045,7e093d46e44a9f94efe23ea103b7b105,null,2024-05-31T00:25:08Z,FALSE
2046,a19dd8a581a946b7ffd1145bd9a90836,null,2024-08-10T19:03:41Z,FALSE
2047,809425af1ef9e6fed71389efd1741f68,null,2024-06-05T02:29:17Z,FALSE
2048,1283879843b68e0490c653f0dbeb58e0,null,2024-08-17T00:28:53Z,FALSE
2049,0af4a3aa1fb9ead9df5e5d89d3d6a462,null,2024-04-02T00:22:27Z,FALSE
2050,7bff298eba8e22cf48c06580279df33b,null,2024-05-17T04:47:23Z,FALSE
2051,0ae19052dbe3bb8e94b7390780a1a50f,494d5e0cbfd60275dc7b46b2f34e63d3,2024-07-25T21:01:06Z,TRUE
2052,0ae19052dbe3bb8e94b7390780a1a50f,null,2024-05-05T05:15:16Z,FALSE
2053,a19dd8a581a946b7ffd1145bd9a90836,null,2024-06-06T03:00:34Z,FALSE
2054,259d8e12ba7ee4fa306cdd75b974c749,null,2024-04-18T14:53:17Z,FALSE
2055,3223481d876d869260aa262d6edf6de1,null,2024-07-05T16:36:41Z,FALSE
2056,7c6f591ee89667a1f8a33fc50a759a3f,null,2024-06-08T10:40:36Z,FALSE
2057,5bf92b902b04a4b6d633081c3d895a41,527ade26860cdb32bb0550526c0639e3,2024-03-15T00:47:25Z,TRUE
2058,a19dd8a581a946b7ffd1145bd9a90836,null,2024-05-28T03:02:28Z,FALSE
2059,c933c85e03402ec855db4a728ed63560,null,2024-07-28T07:30:08Z,FALSE
2060,e5725c643c15995f4c03ef136a978c4b,null,2024-03-23T09:47:29Z,FALSE
2061,3c99b354fd151fe8acd87d68fb775592,null,2024-08-24T02:38:30Z,FALSE
2062,0ae19052dbe3bb8e94b7390780a1a50f,null,2024-07-26T16:37:31Z,FALSE
2063,8308ca90a24385c1cdfc74f5749d3358,null,2024-04-28T13:08:25Z,FALSE
2064,b973117cce7c98d98ee75efafc628b77,null,2024-04-23T13:15:48Z,FALSE
2065,5aa84c65b37e53d7d93bbf5d47c44944,null,2024-05-07T02:19:29Z,FALSE
2066,01ad1116ed245c6ad387eb693a2798ab,null,2024-06-25T13:15:34Z,FALSE
2067,f783dc14341bcfb1555619406c28a6c8,null,2024-03-26T19:18:33Z,FALSE
2068,08e8d9c27ff54f21b21b4cf37f4ebbec,null,2024-07-19T02:01:42Z,FALSE
2069,893f67588c580e3167b3585ae884bff4,426f0bfe09cc0c92f8cd9f1d99ae2773,2024-08-06T07:58:45Z,TRUE
2070,da3f40480975c9fdded7179fa91a020b,95ad12e2f9166d21f0c13f56ea96a37d,2024-03-03T14:45:43Z,TRUE
2071,a19dd8a581a946b7ffd1145bd9a90836,25375bdcd4acd6e5ea1ec8feccb19082,2024-07-15T11:11:06Z,TRUE
2072,ce7e8765278fbd96873a4620ed5b0ff7,null,2024-06-25T07:55:42Z,FALSE
2073,6e1358091ef2d0801f15d4ef13161d12,null,2024-03-17T14:53:42Z,FALSE
2074,6af1b5912ccae0f337f3c54b3a57f22c,null,2024-03-28T02:42:43Z,FALSE
2075,8e8eefe5dc4ab26fda7dd118b6ea54b0,ea95b5d8073c13b1c82307314fbae33b,2024-05-30T21:23:03Z,TRUE
2076,42d3bc3ba51fb230b10d2fef5526d46a,79c4912efab2ce843f38e542e0e22461,2024-07-31T22:36:52Z,TRUE
2077,1283879843b68e0490c653f0dbeb58e0,a16f1553d2b49484152a52eeefe8ef7d,2024-04-06T03:04:59Z,TRUE
2078,120dad7a3df7f2a94c3eeef499aef7cb,null,2024-05-15T04:03:23Z,FALSE
2079,a7a7645cfae93bdeebe55e9dc98ad53e,null,2024-03-28T10:40:27Z,FALSE
2080,1283879843b68e0490c653f0dbeb58e0,null,2024-06-19T06:49:06Z,FALSE
2081,c5e29d8fca207d490024a0666e7253ef,null,2024-03-05T18:30:42Z,FALSE
2082,da3f40480975c9fdded7179fa91a020b,null,2024-08-12T02:32:09Z,FALSE
2083,0ae19052dbe3bb8e94b7390780a1a50f,null,2024-04-15T03:55:16Z,FALSE
2084,ab769a722d5b2f1125f3e55dc88dd4a5,eec3dad37a6cc19209c61cf8e0421fad,2024-06-07T16:29:24Z,TRUE
2085,35bde6e93630b960421f949ea54da793,null,2024-07-24T13:52:23Z,FALSE
2086,7eca129e13ae7f3a9e13a1320e658303,null,2024-07-23T22:59:19Z,FALSE
2087,01717b070e42e07849360163a7b7174d,null,2024-04-11T00:25:31Z,FALSE
2088,0ae19052dbe3bb8e94b7390780a1a50f,null,2024-07-11T19:26:06Z,FALSE
2089,804e59fdc69d7280284095c04b318046,null,2024-05-25T17:13:00Z,FALSE
2090,1283879843b68e0490c653f0dbeb58e0,null,2024-03-11T22:31:52Z,FALSE
2091,8dd2882c7ef2dd7215f1316f94267584,null,2024-06-01T21:18:52Z,FALSE
2092,e882f7aa46d29e7d96350b684f178a44,null,2024-06-30T11:31:28Z,FALSE
2093,a19dd8a581a946b7ffd1145bd9a90836,9283011703220f23d2822b7bd1849536,2024-03-22T17:20:57Z,TRUE
2094,0ae19052dbe3bb8e94b7390780a1a50f,f39d5878dcf037847e0ed3cadeb2ad1e,2024-06-13T02:12:35Z,TRUE
2095,0ae19052dbe3bb8e94b7390780a1a50f,null,2024-03-18T14:05:14Z,FALSE
2096,fcc3b6df1ba080a2aabaefbf89d41098,null,2024-04-06T22:17:02Z,FALSE
2097,e2e94b733bf4c8bc6d43902b51f19387,null,2024-07-30T17:52:07Z,FALSE
2098,057f833cbc4f1442f3914ce8f9e582fb,null,2024-03-03T09:10:00Z,FALSE
2099,a4fd9748c4c14a6e65ea8dc3d394f15a,null,2024-08-22T00:07:38Z,FALSE
2100,b94af1ce93dc62a256a11720138c9b8c,null,2024-05-16T19:34:08Z,FALSE
2101,0d65d4a7e6ec310555767deb775f7f0a,null,2024-08-03T12:59:57Z,FALSE
2102,45bfbf7adf1432c9e3575bfe17cb99ae,a59d9267b21614a294d3747f7f3a1f2f,2024-05-16T13:43:15Z,TRUE
2103,9376bfd9c66d87ecab30db5ed3190f20,8ea51a7756920d57807b17c68a97c098,2024-08-12T06:51:36Z,TRUE
2104,7e146e795788d4c06e70c867e52c84a8,null,2024-04-09T18:13:26Z,FALSE
2105,03514f21581ac2cad75de843579da9f4,null,2024-04-25T07:17:51Z,FALSE
2106,46c985ce7fa638db0854a9953aee4716,null,2024-03-03T18:58:01Z,FALSE
2107,4300e00577d742cdc50c12fd3c6d3b13,null,2024-03-30T11:31:47Z,FALSE
2108,0ae19052dbe3bb8e94b7390780a1a50f,null,2024-04-05T20:22:55Z,FALSE
2109,2380b9d677537dff1fa01527e94952f4,null,2024-05-09T09:54:37Z,FALSE
2110,0ae19052dbe3bb8e94b7390780a1a50f,null,2024-03-27T16:30:47Z,FALSE
2111,a7371926ebf2698cfb9b9e13e28ba445,null,2024-07-09T14:31:49Z,FALSE
2112,d85e32b09a3f32d4ff5919a4ac829144,null,2024-08-26T19:04:29Z,FALSE
2113,a19dd8a581a946b7ffd1145bd9a90836,caa8521a5a18a49469f688d3752ccb97,2024-07-10T15:42:13Z,TRUE
2114,9e7c05ad99b347c88be7257e21c622cb,null,2024-07-09T01:16:16Z,FALSE
2115,a19dd8a581a946b7ffd1145bd9a90836,null,2024-06-04T12:59:11Z,FALSE
2116,5918a31e07f0275bc92d3616053ab6cd,null,2024-07-26T18:29:37Z,FALSE
2117,0ae19052dbe3bb8e94b7390780a1a50f,null,2024-03-10T13:16:46Z,FALSE
2118,3f70f505e81098724a2a88800ba364bc,null,2024-08-14T14:38:57Z,FALSE
2119,a19dd8a581a946b7ffd1145bd9a90836,null,2024-04-23T18:02:32Z,FALSE
2120,97a1c5de4ca5af5fc3621c78584a91b1,null,2024-06-15T22:34:30Z,FALSE
2121,5f79fcfb86ca7f96b457c1c15cc8545d,d4ecb8a46b6de27daed58f49a84ebd12,2024-06-09T05:23:03Z,TRUE
2122,1283879843b68e0490c653f0dbeb58e0,null,2024-03-12T09:12:59Z,FALSE
2123,d785e0f5e8e462e170637528941c71b0,null,2024-05-27T17:18:46Z,FALSE
2124,6f15cb8f4698bb0eef3cc8878085a2a4,null,2024-03-16T23:22:20Z,FALSE
2125,6582fdbadee0660687cf5c3f28a2a50c,null,2024-07-17T17:35:59Z,FALSE
2126,1283879843b68e0490c653f0dbeb58e0,null,2024-07-15T08:32:40Z,FALSE
2127,b13eb2a0be8beea7078384303562ce66,fca987618a1feb92a020424c0093a80f,2024-08-26T23:15:30Z,TRUE
2128,1283879843b68e0490c653f0dbeb58e0,null,2024-04-08T08:00:17Z,FALSE
2129,73fee588de69cec552c757845c502a15,null,2024-07-12T07:20:04Z,FALSE
2130,33552e22566ca9f46d3d9bb3944a4bbe,null,2024-07-16T22:47:25Z,FALSE
2131,0ae19052dbe3bb8e94b7390780a1a50f,null,2024-06-20T05:52:33Z,FALSE
2132,d9d2a6d6eda9474f9c8227e2b4f9cb75,null,2024-08-21T08:37:15Z,FALSE
2133,7dc3faffba0bb12909aa2055426e024a,e7bbcc43f2b395db75ebbec2c94e6dda,2024-03-29T03:31:48Z,TRUE
2134,1fee2e96396e5af788a36119554a69b6,null,2024-05-12T16:32:50Z,FALSE
2135,b20208477a0694cce667f5ce8e53baee,null,2024-04-13T16:09:01Z,FALSE
2136,14957043123022df2709b4905aa68bfc,726f21f048f933bbc0e261a58d02117d,2024-05-20T03:55:17Z,TRUE
2137,da3f40480975c9fdded7179fa91a020b,null,2024-06-06T12:17:09Z,FALSE
2138,eff0db735db1a9b982150ba62acdd68d,null,2024-04-28T07:34:41Z,FALSE
2139,bcad674d12c2159801cbb156e53a5185,null,2024-03-25T15:52:45Z,FALSE
2140,4391c33dac1f3a713197c84b366733e9,2d56dffc106822e0e36f053c81043a19,2024-05-12T05:47:14Z,TRUE
2141,79ae7865ea40dce06535fa706c8e3add,null,2024-05-03T11:08:33Z,FALSE
2142,3e533a4dfc371792baea723877470564,null,2024-03-24T23:06:35Z,FALSE
2143,a06fe56d55e83c45e2306ba27a326747,null,2024-05-09T06:50:54Z,FALSE
2144,a19dd8a581a946b7ffd1145bd9a90836,null,2024-04-30T06:39:53Z,FALSE
2145,81b091d23b39cd866802244f3dedc393,null,2024-08-02T18:57:13Z,FALSE
2146,1283879843b68e0490c653f0dbeb58e0,null,2024-05-02T09:13:00Z,FALSE
2147,050a217ab25267a6d07393490032a221,null,2024-04-07T02:31:10Z,FALSE
2148,aa74f7c714b0942c4365f16809939625,null,2024-08-21T07:11:46Z,FALSE
2149,4ad380f6f3f75c1e213b31fc9a652f09,null,2024-07-30T23:13:18Z,FALSE
2150,00820b893080806722fdb81c9254500b,null,2024-05-11T02:59:32Z,FALSE
2151,b4f8e374bfde54863f98a87cd94e98c4,22d75ccae0d42bf1e0c57d909c609f73,2024-05-04T22:15:19Z,TRUE
2152,0ae19052dbe3bb8e94b7390780a1a50f,null,2024-03-05T03:34:48Z,FALSE
2153,4ddbaa890d5ac060919155e11adfe493,null,2024-07-28T11:36:55Z,FALSE
2154,44d6e00befffe5f346cf14cb2a6fc868,null,2024-06-05T01:23:18Z,FALSE
2155,0ae19052dbe3bb8e94b7390780a1a50f,null,2024-05-14T20:42:46Z,FALSE
2156,0ae19052dbe3bb8e94b7390780a1a50f,null,2024-03-26T12:08:20Z,FALSE
2157,0ae19052dbe3bb8e94b7390780a1a50f,null,2024-03-21T18:00:23Z,FALSE
2158,1283879843b68e0490c653f0dbeb58e0,null,2024-08-25T01:10:25Z,FALSE
2159,cb81df1fce532775f21d8daba39ff643,null,2024-08-05T04:31:39Z,FALSE
2160,03514f21581ac2cad75de843579da9f4,null,2024-06-13T06:50:58Z,FALSE
2161,3e1d92ec00e8f4b0299f6f9f9827f7d1,52d876b2efdafcd25563254c79fb86d1,2024-06-08T15:29:51Z,TRUE
2162,727a030b583aceba6c35b133336514d6,f2d6816dc8d7abfe0afb36c041fa4265,2024-04-05T03:45:33Z,TRUE
2163,1283879843b68e0490c653f0dbeb58e0,null,2024-03-30T06:52:28Z,FALSE
2164,c82ad2641588be0599211b0835415201,null,2024-04-20T08:18:11Z,FALSE
2165,65c0faea2bad8442c2f92f433d736f25,null,2024-06-29T02:28:52Z,FALSE
2166,f13fdb1d7f23c2e1a8ef19baa1c137d3,null,2024-04-02T14:53:19Z,FALSE
2167,a19dd8a581a946b7ffd1145bd9a90836,null,2024-07-24T00:56:12Z,FALSE
2168,664dfdc3ac9fb4bf664f2a536d3810a8,null,2024-06-18T11:37:09Z,FALSE
2169,bb967e19a58009cd84ce7d998280bc8e,null,2024-05-04T18:47:47Z,FALSE
2170,26aca057742e2ac49dde7a3a3c7d24ed,null,2024-06-12T02:26:19Z,FALSE
2171,0ae19052dbe3bb8e94b7390780a1a50f,21a9d9c8973d21402e8ee750c9f5cef4,2024-05-01T15:28:25Z,TRUE
2172,1283879843b68e0490c653f0dbeb58e0,null,2024-04-14T07:05:13Z,FALSE
2173,a19dd8a581a946b7ffd1145bd9a90836,null,2024-08-30T21:06:08Z,FALSE
2174,1283879843b68e0490c653f0dbeb58e0,null,2024-04-03T19:23:24Z,FALSE
2175,1e869ef907bb3a8d5bae4631dea807ae,93585a5415982cba3a9160acc4c1319a,2024-06-08T23:12:18Z,TRUE
2176,fe35532c5d2df930550f11ca79f741ff,null,2024-03-30T23:41:51Z,FALSE
2177,1283879843b68e0490c653f0dbeb58e0,null,2024-05-05T09:51:45Z,FALSE
2178,bfe51b490fd1fdd7af5d6716b6126bcc,null,2024-03-26T23:21:12Z,FALSE
2179,f66f8e0915ee13685c93f53653cdaba6,b84b574eca811a17768f0d084c842516,2024-06-21T03:15:20Z,TRUE
2180,741937dfafe5dcc48043008bd3342249,null,2024-06-10T20:06:50Z,FALSE
2181,a19dd8a581a946b7ffd1145bd9a90836,null,2024-08-05T12:14:15Z,FALSE
2182,26656e2daf92b0ed3ca6d88f2575406f,null,2024-08-23T22:20:07Z,FALSE
2183,1283879843b68e0490c653f0dbeb58e0,null,2024-05-19T01:13:01Z,FALSE
2184,80f65864a5f7f3a59e0360fe7308ffba,null,2024-08-23T13:41:06Z,FALSE
2185,0ae19052dbe3bb8e94b7390780a1a50f,fd5207d179d7561532a4aafcf671e71d,2024-06-11T17:20:08Z,TRUE
2186,da3f40480975c9fdded7179fa91a020b,null,2024-05-30T06:46:29Z,FALSE
2187,b973117cce7c98d98ee75efafc628b77,null,2024-06-18T21:39:39Z,FALSE
2188,0ae19052dbe3bb8e94b7390780a1a50f,null,2024-06-26T14:38:34Z,FALSE
2189,da3f40480975c9fdded7179fa91a020b,006dddfed71670816d7669b40162691f,2024-05-01T03:48:12Z,TRUE
2190,f1513cd1329910b5f335ccf2c5d0f144,null,2024-08-18T18:20:07Z,FALSE
2191,d27eed4dd83e963cabbda5c508578d80,null,2024-04-12T16:05:40Z,FALSE
2192,6adc61e211804aadacfcb83d6911b314,null,2024-07-28T14:20:59Z,FALSE
2193,64c8d672114fb3501d43028069f5246a,1886c8e4e9928d1370eb2b00ba143ec2,2024-06-04T16:50:15Z,TRUE
2194,a19dd8a581a946b7ffd1145bd9a90836,null,2024-07-01T16:54:55Z,FALSE
2195,768dc326ee71cea67a8b77b3b8ccd7a3,null,2024-03-26T15:20:39Z,FALSE
2196,0ae19052dbe3bb8e94b7390780a1a50f,null,2024-04-08T22:29:28Z,FALSE
2197,0ae19052dbe3bb8e94b7390780a1a50f,null,2024-07-16T02:57:55Z,FALSE
2198,54afaf403011f3edaf69fb99594586fc,null,2024-08-19T19:43:17Z,FALSE
2199,0ae19052dbe3bb8e94b7390780a1a50f,8f2e5c4c9361c152cad51b1ef3b2df53,2024-06-23T19:06:17Z,TRUE
2200,2e45100f75cb739aba8b95464f984f4a,null,2024-03-23T14:00:36Z,FALSE
2201,a252d957dbc2670496515d42765c0a32,null,2024-04-05T18:47:24Z,FALSE
2202,a19dd8a581a946b7ffd1145bd9a90836,null,2024-04-10T07:56:15Z,FALSE
2203,0ae19052dbe3bb8e94b7390780a1a50f,null,2024-06-23T03:17:07Z,FALSE
2204,a19dd8a581a946b7ffd1145bd9a90836,null,2024-04-06T12:17:09Z,FALSE
2205,7fe99b885f1e6de9ab9c5d57e1717106,null,2024-08-19T13:13:30Z,FALSE
2206,90ca8a9700856d59d07ca2605ddeaf08,0b8a511b2fa8465227826385cbc04457,2024-05-08T18:35:32Z,TRUE
2207,0ae19052dbe3bb8e94b7390780a1a50f,c1568eacd25d9c061ac0c854f9427f8c,2024-05-29T13:42:23Z,TRUE
2208,f570a2033e4cff3d92e7d2ce5ddc233e,null,2024-05-23T21:38:05Z,FALSE
2209,9dfe7e99235498e07dcb3e65f2a76ad0,null,2024-08-04T23:25:59Z,FALSE
2210,5f75eaccb2e52fb4ff3208c94278d374,null,2024-08-05T14:20:15Z,FALSE
2211,1283879843b68e0490c653f0dbeb58e0,4a316ea5f823e6256e2c84658828f9c7,2024-05-08T18:42:42Z,TRUE
2212,a427f7366644d82c589426b9ed9ab3b6,null,2024-03-17T13:39:51Z,FALSE
2213,d2f591d78038382e7419e6486d4c6a49,null,2024-08-25T23:03:17Z,FALSE
2214,0ae19052dbe3bb8e94b7390780a1a50f,3e9d23418c1fe0c0d2db32a3821458c9,2024-04-22T13:19:38Z,TRUE
2215,ee32f3f11e0ba31f2598b0cfecaaf770,null,2024-07-03T23:45:55Z,FALSE
2216,b7473dae7ae66a42c7aa669220a34c7c,null,2024-05-12T20:37:44Z,FALSE
2217,0ae19052dbe3bb8e94b7390780a1a50f,null,2024-06-05T00:52:49Z,FALSE
2218,ce833bf7ed629caa0eb8a531c6f2c5bf,null,2024-04-15T15:23:13Z,FALSE
2219,135de5c113e2edd601fe4d71d1105e2d,null,2024-03-31T10:56:31Z,FALSE
2220,f954a11cf83b718b5a57d64db8f12267,2286ee156d5ca2aa202acd3648a908e3,2024-04-27T21:18:58Z,TRUE
2221,a19dd8a581a946b7ffd1145bd9a90836,null,2024-05-14T09:31:10Z,FALSE
2222,1283879843b68e0490c653f0dbeb58e0,null,2024-03-03T07:56:43Z,FALSE
2223,da3f40480975c9fdded7179fa91a020b,null,2024-05-19T08:13:57Z,FALSE
2224,0ae19052dbe3bb8e94b7390780a1a50f,null,2024-05-11T06:57:41Z,FALSE
2225,0ae19052dbe3bb8e94b7390780a1a50f,null,2024-08-22T00:32:05Z,FALSE
2226,83ccf4affd61ce0fdc34f6daf5b11fd7,null,2024-06-17T15:49:49Z,FALSE
2227,f570a2033e4cff3d92e7d2ce5ddc233e,null,2024-08-14T20:48:27Z,FALSE
2228,2006b0d92e3b33503d96a2a173f18ce5,2ee7af3e2c8a7fba1a91badff38ea98b,2024-05-18T07:36:11Z,TRUE
2229,0ae19052dbe3bb8e94b7390780a1a50f,35986e1ac3675bf08af855a73951e35c,2024-05-29T17:15:15Z,TRUE
2230,20a60f024ebe09cd7a0d8ac9a1c3fd93,null,2024-08-24T19:12:09Z,FALSE
2231,fcd56eb0cdaa659e05df5f4f7eae8a1c,null,2024-05-28T11:09:27Z,FALSE
2232,cc452a236d0c81de75b2d00f24214e38,null,2024-05-07T11:59:33Z,FALSE
2233,a19dd8a581a946b7ffd1145bd9a90836,null,2024-03-30T14:10:32Z,FALSE
2234,27690653af1e66d6fc7b9e773d26ab86,null,2024-05-08T14:09:27Z,FALSE
2235,badce1bbc9a8565be326b78718c8c790,null,2024-03-31T22:08:15Z,FALSE
2236,1283879843b68e0490c653f0dbeb58e0,null,2024-08-14T05:21:01Z,FALSE
2237,562207ec142cc7315af1f15f87562383,6dbae621dd7d7c7690ccf946a43b7838,2024-04-05T03:45:56Z,TRUE
2238,47ee3226d3ea6dd97dd93b6524d52887,null,2024-05-25T19:52:53Z,FALSE
2239,1283879843b68e0490c653f0dbeb58e0,null,2024-08-04T13:15:26Z,FALSE
2240,993ad568aa6bf12c8cfbbdfa8daad89d,null,2024-05-03T14:02:13Z,FALSE
2241,440a4949b44a1b5491771a907139ad5d,null,2024-07-03T02:57:31Z,FALSE
2242,1a268e9f1cbf13d5684c0f5c1ed7ec05,null,2024-05-18T09:12:43Z,FALSE
2243,66d15c4b7159b55c3e421f44228dd65b,null,2024-03-28T17:05:17Z,FALSE
2244,c9f733a98ba38ce84568237b137fe1d1,null,2024-08-29T03:50:48Z,FALSE
2245,da3f40480975c9fdded7179fa91a020b,a171641a0e168dbfe1a701716280b3d1,2024-07-26T21:43:51Z,TRUE
2246,b710b489439cf3e9876d67e5b9924e93,null,2024-06-06T07:37:07Z,FALSE
2247,930d3c1879c2604cd3c5acc0d2307b8b,null,2024-05-31T19:38:47Z,FALSE
2248,0844d1901a27821752091cbe3db6c6a7,null,2024-08-25T03:18:13Z,FALSE
2249,7b8dfeb441565d19a461a5e5dd605e95,d6f89f5a7763fcc583c4bbee92296018,2024-08-09T21:19:36Z,TRUE
2250,5268a3718f4626415234bd4b2b58d35e,null,2024-05-19T16:29:42Z,FALSE
2251,0ae19052dbe3bb8e94b7390780a1a50f,null,2024-03-14T01:28:49Z,FALSE
2252,4d4210081e01cb8aa63fec3cadc2fc2b,e7da83e12d78d5943a85931628059d8a,2024-07-07T04:34:09Z,TRUE
2253,e74a628096fe0699abe7c4c60d7009f4,f1dc265bab848ddedf2802aa422bd3f9,2024-07-10T17:50:05Z,TRUE
2254,0ae19052dbe3bb8e94b7390780a1a50f,53693b5662d46d4b663f8012d5fb9aa5,2024-04-15T10:55:53Z,TRUE
2255,5e4689962a3faeb82b13d46f7e799da0,null,2024-07-28T19:16:02Z,FALSE
2256,d0363d7543bf338d332d984b1517b138,null,2024-04-27T15:26:54Z,FALSE
2257,1eb20a85cdcc6abb561049a15e5c5593,null,2024-06-02T10:03:25Z,FALSE
2258,155c40b2a05ce5b8130baa3a3b2cf95c,null,2024-04-03T01:40:12Z,FALSE
2259,b94af1ce93dc62a256a11720138c9b8c,null,2024-04-21T01:27:39Z,FALSE
2260,464541fc0f49431c423d8f02ceea74e7,null,2024-04-19T09:17:04Z,FALSE
2261,1c2b72ab3056d9979dadfc106671992a,null,2024-05-16T21:10:24Z,FALSE
2262,da3f40480975c9fdded7179fa91a020b,null,2024-04-04T08:06:08Z,FALSE
2263,bd52ef8dac4ac3152168817aa21d2ca7,null,2024-04-06T00:43:38Z,FALSE
2264,df96c3c85bb0e5764a17b0674c0fbf06,null,2024-04-11T10:41:09Z,FALSE
2265,f66f8e0915ee13685c93f53653cdaba6,null,2024-05-08T00:23:18Z,FALSE
2266,69120c22f8ff5c50dd7d04c6166d2920,null,2024-07-14T20:31:24Z,FALSE
2267,4391c33dac1f3a713197c84b366733e9,null,2024-03-01T05:01:53Z,FALSE
2268,0ae19052dbe3bb8e94b7390780a1a50f,f2592a9cb4d9b67ffc265416b10005ed,2024-06-23T10:06:53Z,TRUE
2269,791fdca2b367aa623ea7b29f333c2319,null,2024-05-09T00:42:21Z,FALSE
2270,3f8d3cb3363312bbe17d4a820ed4b313,null,2024-04-20T04:13:38Z,FALSE
2271,bfc7dcfdecd70d75d475b86d2d5c729e,f237b1c7018ca8d647e0ceb0e022e905,2024-03-12T21:38:48Z,TRUE
2272,8d3be465bfdcae63fc193b784a9cf622,null,2024-03-30T10:57:06Z,FALSE
2273,633472e4608282a0a013461205c076f6,null,2024-06-11T20:17:40Z,FALSE
2274,1283879843b68e0490c653f0dbeb58e0,null,2024-08-02T00:37:48Z,FALSE
2275,65411fc64396755f374906819c5c3087,null,2024-03-20T21:21:53Z,FALSE
2276,3a193a377e2415e0dff5e80c9e3961d6,null,2024-05-28T08:26:01Z,FALSE
2277,1283879843b68e0490c653f0dbeb58e0,null,2024-04-28T22:25:48Z,FALSE
2278,a19dd8a581a946b7ffd1145bd9a90836,null,2024-04-10T05:34:55Z,FALSE
2279,4d7c1b1a460773f619c6f3fa422db5a5,null,2024-06-29T14:15:06Z,FALSE
2280,0ae19052dbe3bb8e94b7390780a1a50f,1a66e9cbd7c04cd5f7a4b117c8cfe503,2024-04-04T15:25:37Z,TRUE
2281,85062271105e7e52b36060dfcd4474a3,null,2024-03-31T10:40:54Z,FALSE
2282,a19dd8a581a946b7ffd1145bd9a90836,null,2024-05-05T22:55:11Z,FALSE
2283,ad635d5ff1ebdfbe02260a264b1f73f8,30ce23ad552be52725b843118953963b,2024-08-01T10:42:58Z,TRUE
2284,a5e522241b82da364e9de56983c9a0bf,null,2024-08-14T00:12:35Z,FALSE
2285,95537bc0e536a2cfeeb691fb074a16ab,e0adabe960ea8a7ce2193265b80c102f,2024-05-21T16:54:20Z,TRUE
2286,6e750cf3128a923c61513d97e1779e6d,null,2024-04-01T07:08:26Z,FALSE
2287,fab289a84147990e31d89e3a4bfc5824,null,2024-04-22T18:11:20Z,FALSE
2288,1cd015146ee2ad85f8b53fde9eb8b281,null,2024-07-02T01:45:23Z,FALSE
2289,0ae19052dbe3bb8e94b7390780a1a50f,null,2024-04-13T23:28:26Z,FALSE
2290,318414af6c7919653715fdf93d0d45d4,null,2024-05-05T15:45:47Z,FALSE
2291,85437604da8662ebf5e7fdff6f46b6a6,158f431785355469f120400675f7bea5,2024-08-02T08:59:11Z,TRUE
2292,d384b1e9cca623509d34c73e040289ad,null,2024-05-25T05:21:16Z,FALSE
2293,657bc27bc59d69b93cd6ab32db6bc00c,null,2024-07-21T21:08:52Z,FALSE
2294,ebed11e8ce99d0bfd465a1b8f0dd3e01,null,2024-06-18T08:46:27Z,FALSE
2295,0ae19052dbe3bb8e94b7390780a1a50f,null,2024-05-30T12:49:25Z,FALSE
2296,ee4f96e7204bc14dfdc20f66ea0ca89b,null,2024-06-30T17:26:51Z,FALSE
2297,39f7446dc3ac4497fef5346433a21b3d,null,2024-05-20T12:40:13Z,FALSE
2298,60613739f81bb59bb93991c34f4746d3,9a369699efb8e7d0bc6cf65ca2e7f3f9,2024-08-30T01:07:26Z,TRUE
2299,1283879843b68e0490c653f0dbeb58e0,null,2024-08-04T21:02:15Z,FALSE
2300,4496db3056e1492f0d0470f6bbb40923,3ffb858abfe5ed8af423b12ffd247273,2024-07-20T10:51:33Z,TRUE
2301,0ae19052dbe3bb8e94b7390780a1a50f,null,2024-03-08T10:43:51Z,FALSE
2302,1283879843b68e0490c653f0dbeb58e0,null,2024-06-28T04:17:28Z,FALSE
2303,6f15cb8f4698bb0eef3cc8878085a2a4,null,2024-07-11T14:58:58Z,FALSE
2304,6fde71d8bb327a88093b22609eb3ce69,null,2024-05-11T16:59:35Z,FALSE
2305,6b3df6262029dfada7be1d76e5681b0a,null,2024-03-17T19:54:03Z,FALSE
2306,6f15cb8f4698bb0eef3cc8878085a2a4,248ccb442fb285de233feab51523bfb0,2024-03-24T14:28:57Z,TRUE
2307,a65c10665e2c2f50cc6a33d3f15cdb05,null,2024-03-18T04:57:29Z,FALSE
2308,a19dd8a581a946b7ffd1145bd9a90836,null,2024-05-09T05:42:06Z,FALSE
2309,0ae19052dbe3bb8e94b7390780a1a50f,bf0e9defef65e4fe6de85b1d99a64c31,2024-03-07T03:31:33Z,TRUE
2310,96500fcb20ef0f4f0dbd26e54aff81d7,ee8068453942663a5d149228f31ae4c4,2024-04-10T17:00:44Z,TRUE
2311,0b00043fb6903a9fd2fb87457b852806,7a7ab37a04e1092789ed55cd83d69522,2024-08-28T04:08:34Z,TRUE
2312,36f53a7c9966df117970cdd0b6dc201f,null,2024-04-11T15:45:31Z,FALSE
2313,35bde6e93630b960421f949ea54da793,null,2024-05-17T16:40:00Z,FALSE
2314,f408c38ef0145852542ec5a79c4366e4,76ebd66fb3e7c408927b97b65d616b21,2024-03-02T15:35:28Z,TRUE
2315,0ae19052dbe3bb8e94b7390780a1a50f,null,2024-03-13T19:26:49Z,FALSE
2316,6bd36bc684120475c08a943036ab553d,null,2024-04-20T09:31:42Z,FALSE
2317,30b3624640d87bc0d8f47c3d35530795,null,2024-03-19T09:05:17Z,FALSE
2318,0ae19052dbe3bb8e94b7390780a1a50f,null,2024-08-17T06:17:50Z,FALSE
2319,5c3a88f5f60c6b77ef3d1d5e4ce597f1,7275985b4f42b69dfdf8df4169c5f04b,2024-04-09T05:41:24Z,TRUE
2320,0ae19052dbe3bb8e94b7390780a1a50f,null,2024-07-17T23:54:08Z,FALSE
2321,5fa4a856cddb6b8a0c39c77e928f9269,57c4e2bb85038758a1b3e8f0eb8fdbf5,2024-04-26T18:45:42Z,TRUE
2322,4cb4930396aa80a0c34f3bcdc5608683,null,2024-06-01T03:03:33Z,FALSE
2323,7f260feafc8806d300bb0bfa15752540,null,2024-06-11T18:14:01Z,FALSE
2324,0ae19052dbe3bb8e94b7390780a1a50f,null,2024-08-22T17:36:46Z,FALSE
2325,c8a5f0f855741b86a142704f0115561b,null,2024-05-07T17:03:34Z,FALSE
2326,5bd53e62890a8c568a83c0033dbdd6b3,null,2024-05-09T01:49:03Z,FALSE
2327,464b2c464140e39e14607271a16f15eb,null,2024-03-28T12:19:03Z,FALSE
2328,96500fcb20ef0f4f0dbd26e54aff81d7,null,2024-05-16T04:51:44Z,FALSE
2329,00e37c5e82f46d75da8b953ad04f8ad7,null,2024-05-25T09:49:40Z,FALSE
2330,0ae19052dbe3bb8e94b7390780a1a50f,null,2024-04-02T02:42:36Z,FALSE
2331,841baeef588ebb2ccc7fb2011724026b,0dffa2b2fd2810601f0062f0c54c12c1,2024-03-30T02:54:41Z,TRUE
2332,1283879843b68e0490c653f0dbeb58e0,null,2024-05-21T11:59:46Z,FALSE
2333,ce328aadfcc7cf0e196775228df7f699,null,2024-03-01T15:11:42Z,FALSE
2334,da3f40480975c9fdded7179fa91a020b,null,2024-03-10T12:56:30Z,FALSE
2335,89b9b92069d62d6f7fabcf39f775f4a7,null,2024-07-21T13:11:27Z,FALSE
2336,9309c1a01a6fb178b9df17342741b7ee,null,2024-03-05T17:24:48Z,FALSE
2337,e4f208b3682b89d3f4cb14e55a9ea2c3,null,2024-07-04T16:56:46Z,FALSE
2338,aee48fe13b993cf2dbe51422b46eadcd,null,2024-06-24T05:19:58Z,FALSE
2339,cf00505e89224783315ccea876a498a3,null,2024-07-30T09:19:59Z,FALSE
2340,c9ecee2c1d5f88241d0674bb7886c131,null,2024-04-13T08:28:35Z,FALSE
2341,1283879843b68e0490c653f0dbeb58e0,null,2024-05-14T06:36:23Z,FALSE
2342,6403b35a380fa8827ccf6213d4c7c1b0,null,2024-04-23T02:35:13Z,FALSE
2343,e29c231a1c3cfeab65d5bbd87fb99db3,null,2024-03-20T20:08:58Z,FALSE
2344,f30ccd7a444dc6cf0d1d6205333662f8,9b893616bb69b18df1cf323b6dc1e680,2024-08-07T19:55:51Z,TRUE
2345,fdc79288a3ee512c5e839961d8f5a8a8,null,2024-04-03T08:37:58Z,FALSE
2346,e3feb99771d21497465fb1305f662736,null,2024-03-01T20:05:47Z,FALSE
2347,c24fe38823a63679c9d0efede9d24114,null,2024-03-01T11:48:49Z,FALSE
2348,8d3be465bfdcae63fc193b784a9cf622,null,2024-06-10T18:38:22Z,FALSE
2349,947f8b9e2ec5f23676cb6ad8125caada,null,2024-08-06T08:08:22Z,FALSE
2350,3328d3bbd9b90ed58074ce5d823f104b,null,2024-05-01T07:29:49Z,FALSE
2351,429a0c13f26faa280db9fc9eecf58c65,4a98b05361e4e459697f5e3e2d406be1,2024-04-17T17:24:19Z,TRUE
2352,da3f40480975c9fdded7179fa91a020b,f551cc34a5738a86e4835a5079c39247,2024-03-19T16:01:43Z,TRUE
2353,f17347a44bcfcc1495e34e4974aa6e20,null,2024-04-02T14:14:44Z,FALSE
2354,e75642ea0510eb966bad942a21d8d34b,null,2024-03-07T07:23:24Z,FALSE
2355,ec7799ef6f00251ce29ffafefbbb33b5,null,2024-07-14T09:51:46Z,FALSE
2356,2442e1c40d01b438ebadc2c48a0f7a6d,feb87884523641a032f671a3bd13209b,2024-08-28T14:05:41Z,TRUE
2357,da3f40480975c9fdded7179fa91a020b,null,2024-05-12T01:28:32Z,FALSE
2358,a0a26c5aa2f53b99a84a71381beaa4ca,null,2024-03-26T23:28:59Z,FALSE
2359,bc30fee7c88c3edeac8a74d83321653b,bc5e8bf9cd47116e711fe5ad3724d7e1,2024-08-30T01:43:44Z,TRUE
2360,1283879843b68e0490c653f0dbeb58e0,null,2024-03-26T13:36:57Z,FALSE
2361,da3f40480975c9fdded7179fa91a020b,518679219f3ef3a00e93be6f36744a7b,2024-08-18T16:11:42Z,TRUE
2362,65e68999746d51154177103834bd1e65,null,2024-03-12T15:45:23Z,FALSE
2363,e715fec05b0261b409fbd4cc320bb3ed,null,2024-06-28T11:35:10Z,FALSE
2364,1283879843b68e0490c653f0dbeb58e0,null,2024-08-22T11:56:17Z,FALSE
2365,c6ab08007d17d09e45db4f5e3bde9022,c185724cc1e62e338074b10fa3919018,2024-03-02T01:56:55Z,TRUE
2366,37f1b6361c1e2aaf3a8081245c06df46,null,2024-06-08T14:26:27Z,FALSE
2367,3f80e31420cd5824cdb539184da0d67a,null,2024-03-23T22:59:36Z,FALSE
2368,f87bef8fe9e3d15dff724b3ac74c81bf,null,2024-06-14T04:12:54Z,FALSE
2369,ce328aadfcc7cf0e196775228df7f699,null,2024-05-06T19:22:13Z,FALSE
2370,2bf2a5d2eeff8d376b5d24982a847330,2a2bd04e07dab27af6ad48219182a48f,2024-05-20T17:11:16Z,TRUE
2371,671ff6c2ca4293ea5d369f315eefb8a9,null,2024-04-26T03:59:23Z,FALSE
2372,4b6d8a2cf16f6349b248f49ddc5de640,null,2024-06-13T02:41:54Z,FALSE
2373,ce54e61d062569ff5ed611d83a8ab55c,null,2024-04-30T17:57:01Z,FALSE
2374,14f0e4fb639ce18e96dcd3a7a02aefaa,78754bbdbeefadacb50994818bfbbee4,2024-08-12T04:45:00Z,TRUE
2375,b5f276ac0a8c3f7fcaf8e5f000fdc3bd,null,2024-07-06T03:35:07Z,FALSE
2376,f68c55b8097d48b919453bf1d716a7d5,null,2024-07-07T03:38:30Z,FALSE
2377,e1fecde131c0ccfc027266c0f38a19bb,null,2024-07-18T07:55:54Z,FALSE
2378,70c7dcf87fac39d9bfb07f484c4f13f0,null,2024-08-15T12:26:18Z,FALSE
2379,84667b375813e2a28b9cd2336442c50f,cb767a1de9f6180f5732147d9bab256a,2024-06-08T14:30:09Z,TRUE
2380,962d1999c079a99447b1fe719314bb94,null,2024-03-05T22:29:09Z,FALSE
2381,63c31de92475672f858de522a17b2860,fc1962de2f79dcacf7a89577a7c5ed02,2024-08-19T05:31:30Z,TRUE
2382,65946d9da169983a7f05f34b109aebab,null,2024-04-17T14:00:47Z,FALSE
2383,379a8a5b2f2e7e6c9e7263b1211dcccd,null,2024-03-23T00:44:22Z,FALSE
2384,58570cade19b3dd7cf49817307f8b3af,null,2024-07-10T19:44:58Z,FALSE
2385,0ae19052dbe3bb8e94b7390780a1a50f,null,2024-04-26T20:20:25Z,FALSE
2386,1283879843b68e0490c653f0dbeb58e0,null,2024-08-10T09:35:11Z,FALSE
2387,0ae19052dbe3bb8e94b7390780a1a50f,null,2024-08-29T10:06:38Z,FALSE
2388,1283879843b68e0490c653f0dbeb58e0,null,2024-03-17T03:45:21Z,FALSE
2389,8f958797049659e6bfce3bb3965832c6,null,2024-03-29T03:30:36Z,FALSE
2390,79dcfae429c8462b2bbf7ddbfbe4cd0c,null,2024-03-26T05:23:27Z,FALSE
2391,01e45c3a3faf122aaf628e3732e33669,null,2024-05-20T00:18:50Z,FALSE
2392,d7394979cc8abd62339157c4b2cc4ba1,null,2024-08-22T18:55:23Z,FALSE
2393,46ac3c9fc092637738290b0b10b635a4,null,2024-07-21T22:57:57Z,FALSE
2394,a19dd8a581a946b7ffd1145bd9a90836,null,2024-04-01T15:10:07Z,FALSE
2395,a19dd8a581a946b7ffd1145bd9a90836,3064809c9a48b8bf74f7b3e547df8c05,2024-05-14T10:25:35Z,TRUE
2396,dbf2bbc726d4cf41093ba116cb2c93e0,91589aa568c1fb0197c0c50e8397a23b,2024-06-15T06:23:21Z,TRUE
2397,80f2245addf80e2b9eac71e400a1315d,null,2024-07-03T11:31:56Z,FALSE
2398,af2c4e68c09dfb48af2f8c8367622459,null,2024-08-26T20:23:08Z,FALSE
2399,a19dd8a581a946b7ffd1145bd9a90836,null,2024-03-20T17:40:53Z,FALSE
2400,0bba852656d21b3affe315534c47585c,null,2024-03-29T05:41:52Z,FALSE
2401,0ae19052dbe3bb8e94b7390780a1a50f,null,2024-08-04T04:31:55Z,FALSE
2402,1283879843b68e0490c653f0dbeb58e0,null,2024-08-10T08:21:23Z,FALSE
2403,0ae19052dbe3bb8e94b7390780a1a50f,6a553bc31da4492818e7a54289e2a6a8,2024-07-25T01:03:24Z,TRUE
2404,00e37c5e82f46d75da8b953ad04f8ad7,null,2024-07-07T00:15:13Z,FALSE
2405,0ae19052dbe3bb8e94b7390780a1a50f,null,2024-04-18T21:14:47Z,FALSE
2406,c5588109f1da6a721b6f576ed30723b7,null,2024-05-19T17:35:20Z,FALSE
2407,14d4b0808e957969b074d1c392a4ad59,null,2024-06-18T04:55:22Z,FALSE
2408,34093d2f0f102fdabed8be852c90edad,null,2024-06-23T03:40:11Z,FALSE
2409,3d9b67bd16c839c01629f82b6601d0f3,da837c15dc9ce75e34c51d1239b1df5d,2024-07-23T17:02:52Z,TRUE
2410,640ce7e6681f374637d978d4951b5fe7,null,2024-03-25T18:30:47Z,FALSE
2411,37f1b6361c1e2aaf3a8081245c06df46,null,2024-06-21T00:50:55Z,FALSE
2412,9c71b80243a338ba3c20bd5a8ec19cf7,8df87bed76978347520b67c8d93bf992,2024-08-15T19:28:32Z,TRUE
2413,da3f40480975c9fdded7179fa91a020b,null,2024-03-12T05:08:47Z,FALSE
2414,a19dd8a581a946b7ffd1145bd9a90836,6cc675c86e9a13046897479444c9335c,2024-05-10T11:10:33Z,TRUE
2415,7e3b9fdbfac06462e00a141965b2d31c,null,2024-06-16T22:34:45Z,FALSE
2416,a19dd8a581a946b7ffd1145bd9a90836,null,2024-05-01T10:46:54Z,FALSE
2417,b0aa3fad8f1efc80f40e22e85c9479c3,null,2024-06-18T23:02:43Z,FALSE
2418,422544eb44163d9a4abe4385443aa73d,null,2024-06-22T13:30:12Z,FALSE
2419,c5588109f1da6a721b6f576ed30723b7,null,2024-07-15T13:13:14Z,FALSE
2420,a01711c3540e4107f082325d4ec5a2c1,null,2024-08-12T06:54:19Z,FALSE
2421,446e0ba803dfacb1bc2a138e593c9423,0a813b64dcb210f3da5119db59b26458,2024-06-06T11:15:51Z,TRUE
2422,f5ca93e7b59b1b49a4841b691766bc35,null,2024-03-18T18:17:56Z,FALSE
2423,e9473026e0680a61ce543fdda2507e96,null,2024-03-19T11:37:09Z,FALSE
2424,250589a6fd854161400485d191824dcf,null,2024-03-07T12:05:06Z,FALSE
2425,da3f40480975c9fdded7179fa91a020b,null,2024-05-02T01:24:23Z,FALSE
2426,1283879843b68e0490c653f0dbeb58e0,null,2024-03-12T12:21:01Z,FALSE
2427,55d10f44a658a3f099fef4d1eabe10ef,null,2024-07-01T12:06:34Z,FALSE
2428,ea5abe77da5a1f4e580cc7c0ff744e23,null,2024-07-20T21:48:54Z,FALSE
2429,16d7b2ab14a29265b7dd75b3fc48a539,null,2024-05-18T12:08:59Z,FALSE
2430,0ae19052dbe3bb8e94b7390780a1a50f,null,2024-05-15T17:40:25Z,FALSE
2431,f954a11cf83b718b5a57d64db8f12267,2057cc04132a9a035d065b78a2f7e76c,2024-05-23T13:05:43Z,TRUE
2432,ab6b377c0adbe78b570400ce10e86517,null,2024-04-06T05:24:31Z,FALSE
2433,26159c1d7790dd3101eb609d88336bc0,46400a741b49f0cb28e9425eab2716c0,2024-05-11T20:24:41Z,TRUE
2434,919bec5b52dd8dfeb5127f95bacfbe5f,null,2024-04-05T08:39:23Z,FALSE
2435,a19dd8a581a946b7ffd1145bd9a90836,null,2024-04-10T19:21:58Z,FALSE
2436,ea2682176c0d5dcfe46ed3e99bce0d4c,null,2024-05-12T01:42:18Z,FALSE
2437,c7e88458be3a10c6815efec777c2cb32,null,2024-04-19T17:16:38Z,FALSE
2438,0957a3c949c8b160389a7b905e817bb8,null,2024-05-17T21:12:35Z,FALSE
2439,d40cc2ca55897eccd56b74455a2f64cb,null,2024-04-25T12:32:41Z,FALSE
2440,c00d23e14c6ea175c1b33f0b89f24ff6,null,2024-06-02T19:43:08Z,FALSE
2441,84e8f3b4663a10a9edb7de75a3f4d22c,null,2024-05-26T15:19:22Z,FALSE
2442,1283879843b68e0490c653f0dbeb58e0,null,2024-03-12T14:31:33Z,FALSE
2443,2bc628d7367a257ef891a226beb07a4f,null,2024-08-20T00:47:29Z,FALSE
2444,1283879843b68e0490c653f0dbeb58e0,null,2024-07-21T05:38:43Z,FALSE
2445,7421a8111e2af4909375179be15c0d9a,null,2024-05-29T18:55:48Z,FALSE
2446,9be464cb0f3e102b5b6763206a4777f6,1e2bf2296e4cdcad906001158a34070b,2024-04-27T17:08:31Z,TRUE
2447,aed85da60d3e22e7f9eca25d7963cdc1,null,2024-07-04T04:09:49Z,FALSE
2448,852aacaeb8a4b3203a333ce4921308f8,null,2024-05-10T04:56:52Z,FALSE
2449,c5588109f1da6a721b6f576ed30723b7,07ca33721a6b9f23fa706fb8f44188eb,2024-07-20T08:21:35Z,TRUE
2450,f5d48bc412ba51b4e655b3749d25a184,null,2024-07-15T18:49:17Z,FALSE
2451,55279c4808f87189c6ee0c92a6c5da3a,null,2024-07-02T23:34:57Z,FALSE
2452,f245a9f103c946493c178d72c8e4630b,null,2024-06-25T05:01:40Z,FALSE
2453,29f4803700bd224cd812f60f4720d367,null,2024-05-14T06:22:14Z,FALSE
2454,0ae19052dbe3bb8e94b7390780a1a50f,null,2024-04-11T12:21:01Z,FALSE
2455,0ae19052dbe3bb8e94b7390780a1a50f,null,2024-05-27T13:49:23Z,FALSE
2456,211371e49b06d9055bb61856dd21efb8,null,2024-04-06T11:00:09Z,FALSE
2457,648265c041b2740122b67c8e032109fe,null,2024-04-19T17:23:25Z,FALSE
2458,1283879843b68e0490c653f0dbeb58e0,12d68b7819ef496d22219ef72429a429,2024-04-23T06:09:32Z,TRUE
2459,21e464e661824864960a815b321f0030,null,2024-06-27T15:53:40Z,FALSE
2460,0ae19052dbe3bb8e94b7390780a1a50f,null,2024-07-14T02:42:08Z,FALSE
2461,38b804c1c8b106f516197be7e8416d8b,null,2024-08-26T13:30:42Z,FALSE
2462,1283879843b68e0490c653f0dbeb58e0,null,2024-04-26T02:30:52Z,FALSE
2463,0ae19052dbe3bb8e94b7390780a1a50f,null,2024-05-09T18:47:58Z,FALSE
2464,a19dd8a581a946b7ffd1145bd9a90836,null,2024-07-23T20:50:53Z,FALSE
2465,a4c0f8d5e2ba586b95f9353f4ef30d17,d612f2bec343648bb32e314a3a15bfd8,2024-04-17T20:00:28Z,TRUE
2466,66c36450fe0de1e36dfe39f9b761db9e,null,2024-03-17T01:45:16Z,FALSE
2467,cf6b0908a30cf9d834ef2c7e3507144d,null,2024-05-08T06:38:43Z,FALSE
2468,7c1c8c725f2c1efd03788a6b3e8a1da3,null,2024-06-09T14:42:31Z,FALSE
2469,e8f1763847d7c09c1b25711abacdeaf2,ff3f44b335bc98636625aa6bc8199296,2024-05-21T15:09:38Z,TRUE
2470,11bf462dfe2516241798b15a8a4d4e71,null,2024-08-29T07:33:33Z,FALSE
2471,1283879843b68e0490c653f0dbeb58e0,40ec1f376981603598ee09f8151d333f,2024-03-31T16:57:35Z,TRUE
2472,a19dd8a581a946b7ffd1145bd9a90836,null,2024-05-11T14:01:30Z,FALSE
2473,0ae19052dbe3bb8e94b7390780a1a50f,null,2024-08-17T07:34:03Z,FALSE
2474,06bd23ab456442aead8fd1424a69c6f4,null,2024-08-13T20:19:52Z,FALSE
2475,264307951c33fbcf8e39a52f5693cecb,null,2024-06-17T10:31:28Z,FALSE
2476,2da3f3f5e495630c2043e8a04a0c9303,null,2024-05-08T08:11:03Z,FALSE
2477,874a3bccbc58e93b76d4ef6bec3667ec,3f931d84dc770709db9cc4901dc85081,2024-07-14T03:48:41Z,TRUE
2478,a1b0f9a0ad5ab16e832604a5be4fd860,null,2024-03-18T14:46:45Z,FALSE
2479,8dbafb40f71dcd6add358c4cbc692d54,null,2024-08-12T18:44:54Z,FALSE
2480,a94d8a87e95e19e366f947b0f8d7ff45,null,2024-06-20T08:37:04Z,FALSE
2481,e306e4042da8fca5483ab4013410a59b,null,2024-05-08T22:22:42Z,FALSE
2482,88ea0abb3ab6b3bae6b710ef77018a5b,null,2024-08-10T15:37:09Z,FALSE
2483,d90157731aecebc3edd9b56d4a8f7118,null,2024-05-23T03:15:55Z,FALSE
2484,768863afe0cec2f2b598cac4a9f77de7,null,2024-08-26T22:47:23Z,FALSE
2485,bd36288053c8cb1649f57f3bf5e0ce0e,null,2024-05-10T19:12:24Z,FALSE
2486,ae6bc817e3ddb9b91499ea00d13d5923,null,2024-07-17T15:04:10Z,FALSE
2487,faf9cb9f4ab34ea208fa65e8f61b2b98,null,2024-05-24T23:12:04Z,FALSE
2488,0ae19052dbe3bb8e94b7390780a1a50f,null,2024-06-26T16:18:35Z,FALSE
2489,0d537bda286d1e77c8062a33283d0f2b,null,2024-05-18T13:08:50Z,FALSE
2490,516ffaed8ee5067159b0dca71ede5b4e,b42e6d900e3a96a4bce32ec156718218,2024-05-07T17:09:31Z,TRUE
2491,7961ce788e1d0471ce104092e1df3135,null,2024-04-14T00:29:51Z,FALSE
2492,c40949ae8966714cdb82c064d6b8953f,null,2024-07-12T02:22:31Z,FALSE
2493,a19dd8a581a946b7ffd1145bd9a90836,null,2024-08-19T22:56:17Z,FALSE
2494,57de9513bfb1198dbcd8c3f59ba31a3a,null,2024-05-08T12:45:20Z,FALSE
2495,291ee8b681e77bbbd59d403bc4e57dba,null,2024-07-22T07:34:49Z,FALSE
2496,72ef0ea91df24d19dbc30b2cf722048c,2b66ef3a0e0a1847c94ab4ee1be8b275,2024-07-29T21:11:59Z,TRUE
2497,9acd51264469e4c01c0a0867d32902b5,3434b9ee09397c44adcb28c472a8b84a,2024-05-04T05:50:36Z,TRUE
2498,1283879843b68e0490c653f0dbeb58e0,null,2024-08-04T01:43:11Z,FALSE
2499,0ae19052dbe3bb8e94b7390780a1a50f,null,2024-03-29T21:03:54Z,FALSE
2500,1bcf65bfc4e6105bed8eb7eb283db6a7,null,2024-05-01T12:21:21Z,FALSE